統計まとめ（四半期・単独）2023年1Q=1 指数,,,,,,,,,,,,,,,,,,
,2022年,,,,2023年,,,,2024年,,,,2025年,,,,2026年,
,1Q,2Q,3Q,4Q,1Q,2Q,3Q,4Q,1Q,2Q,3Q,4Q,1Q,2Q,3Q,4Q,1Q,2Q
半導体製造装置_販売額,0.934,0.844,1.13,0.91,1,0.774,0.889,0.909,1.085,1.021,1.097,1.315,1.283,1.2,1.26,1.256,1.425,
FPD製造装置_販売額,0.857,0.594,1.185,0.657,1,0.51,0.33,0.655,0.573,0.813,0.586,0.71,0.609,0.842,0.73,0.683,0.631,
建設機械_出荷額(総合計),0.864,0.75,0.901,1.002,1,0.958,0.995,1.034,0.942,0.902,0.867,0.923,0.878,0.88,0.886,0.943,0.993,
ロボット工業会_（参考）受注額計,1.233,1.163,1.134,1.062,1,0.945,0.774,0.758,0.76,0.864,0.847,1.01,1.005,1.073,1.066,1.304,1.416,1.502
ロボット工業会_MR受注額,,,,,1,0.847,0.688,0.622,0.663,0.717,0.736,0.795,0.802,0.854,0.865,0.963,1.066,1.011
ロボット工業会_実装受注額,,,,,1,1.188,0.98,1.096,0.979,1.242,1.123,1.598,1.566,1.716,1.647,2.317,2.473,2.938
ロボット工業会_（参考）その他,,,,,1,1.078,0.935,0.961,1.016,0.997,0.995,1.027,0.984,0.876,0.92,0.91,0.937,1.069
NC工作機械_受注額,1.132,1.171,1.092,1.052,1,0.951,0.916,0.9,0.916,0.958,0.914,0.975,0.975,0.994,0.984,1.112,1.233,1.446
工作機械内需_鉄鋼・非鉄金属,1.026,1.044,0.88,1.052,1,0.827,0.933,0.565,0.762,0.794,0.664,0.865,0.733,0.536,0.812,0.862,0.848,
工作機械内需_金属製品,1.07,1.196,1.173,1.01,1,0.749,0.873,0.617,0.831,0.671,0.943,0.828,0.943,0.865,0.701,0.602,0.974,
工作機械内需_一般機械(建設機械),1.131,1.472,0.896,0.951,1,1.314,0.919,0.822,0.95,0.729,0.524,0.55,0.914,1.02,0.553,0.593,0.777,
工作機械内需_一般機械(金型),1.096,1.135,1.098,0.746,1,1.017,0.712,0.605,0.629,0.478,0.397,0.359,0.392,0.441,0.493,0.572,0.438,
工作機械内需_自動車(除く自動車部品),1.464,1.736,1.839,1.206,1,0.956,1.036,1.055,0.914,1.25,0.954,1.163,1.3,0.894,0.904,1.417,0.994,
工作機械内需_自動車部品,1.152,1.397,1.487,1.15,1,0.937,1.102,1.063,0.954,0.973,0.815,0.74,0.904,0.614,0.846,0.81,0.901,
工作機械内需_電気機械,1.463,1.083,1.075,0.919,1,0.637,0.805,0.448,0.763,0.483,0.705,0.559,0.552,0.814,0.618,0.557,1.036,
工作機械内需_精密機械,1.389,1.107,1.083,0.959,1,0.74,0.663,0.89,0.846,1.027,0.759,0.938,0.919,0.814,0.763,0.674,0.825,
工作機械内需_電気・精密,1.437,1.091,1.078,0.933,1,0.672,0.757,0.599,0.792,0.669,0.724,0.688,0.677,0.814,0.668,0.597,0.964,
工作機械内需_航空機(単体),0.548,0.532,0.647,0.885,1,0.958,0.692,1.186,1.041,1.969,1.082,1.851,2.063,1.536,2.87,1.538,2.547,
工作機械内需_造船・輸送用機械,1.322,1.179,0.819,1.317,1,1.034,0.899,1.207,0.946,1.093,1.053,0.826,1.691,1.126,1.754,1.662,1.037,
産業機械_①ボイラ・原動機,1.07,0.497,0.806,0.582,1,0.596,1.342,1.138,0.97,1.108,0.797,0.83,1.257,1.132,2.12,1.554,1.583,
産業機械_②鉱山機械,1.109,1.281,1.26,1.256,1,1.357,1.367,1.455,1.349,1.21,1.305,1.897,1.364,1.56,1.196,1.513,1.077,
産業機械_③化学機械(冷凍機械を含む),0.876,1.096,0.986,1.238,1,0.96,1.229,1.025,1.212,1.176,1.285,1.137,1.287,1.415,1.216,2.307,1.163,
産業機械_（内）化学機械,0.771,1.067,0.822,1.363,1,0.914,1.363,1.064,1.413,1.311,1.385,1.187,1.397,1.586,1.182,3.148,1.212,
産業機械_④タンク,2.81,0.866,0.407,0.336,1,1.057,0.781,0.707,0.998,0.863,0.621,0.615,1.095,1.373,4.301,13.276,6.284,
産業機械_⑤プラスチック加工機械,1.033,1.533,1.269,0.995,1,0.971,0.917,0.628,0.891,0.733,1.012,0.548,0.759,0.567,0.759,0.771,0.736,
産業機械_⑥ポンプ,0.859,0.98,0.94,0.891,1,0.832,1.001,0.911,1.075,0.887,1.138,1.077,0.978,0.907,1.017,1.123,1.004,
産業機械_⑦圧縮機,0.865,0.874,1.02,1.128,1,0.859,0.907,0.994,0.919,0.836,0.933,1.009,0.925,0.837,1.064,1.027,1.149,
産業機械_⑧送風機,0.935,0.803,1.168,0.955,1,1.578,1.113,1.003,0.804,1.104,0.976,1.069,1.075,1.008,0.933,0.837,0.663,
産業機械_⑨運搬機械,1.219,1.318,1.056,1.196,1,1.034,0.982,1.123,1.019,0.88,1.119,1.271,1.106,1.185,1.133,1.1,1.146,
産業機械_⑩変速機,1.052,1.23,1.103,1.192,1,0.995,1.007,1.254,1.274,2.243,1.769,1.604,1.621,1.688,1.754,1.808,1.791,
産業機械_⑪金属加工機械,1.298,2.616,0.786,0.857,1,1.752,2.042,0.716,1.508,0.825,0.693,0.71,1.838,1.045,0.913,0.551,0.979,
産業機械_⑫その他機械,0.696,0.902,0.992,0.793,1,0.797,0.864,0.805,0.82,1.077,0.712,0.701,1.069,1.428,0.868,1.095,1.197,
産業機械_⑬合計,0.964,0.934,0.945,0.899,1,0.835,1.152,0.997,1.023,1.048,0.973,0.937,1.17,1.179,1.398,1.524,1.278,
鉱工業,1.018,1.004,1.035,1.017,1,1.013,0.998,1.009,0.957,0.977,0.98,0.984,0.984,0.979,0.968,0.971,0.995,
製造工業,1.019,1.001,1.03,1.02,1,1.012,0.997,1.008,0.958,0.974,0.98,0.982,0.984,0.978,0.968,0.97,0.994,
鉄鋼・非鉄金属工業,1.051,1.03,1.015,1.011,1,1.006,0.997,0.985,0.973,0.974,0.961,0.961,0.968,0.955,0.95,0.937,0.968,
鉄鋼業,1.068,1.032,1.026,1.016,1,1.018,1.021,1.006,0.975,0.971,0.964,0.957,0.96,0.955,0.95,0.941,0.96,
鉄鋼粗製品,1.06,1.049,1.018,0.98,1,1.012,1.005,0.995,0.977,0.966,0.962,0.962,0.939,0.921,0.93,0.927,0.923,
熱間圧延鋼材,1.067,1.056,1.014,1.003,1,1.015,1.013,0.985,0.99,0.963,0.966,0.957,0.948,0.94,0.947,0.947,0.943,
冷間仕上鋼材,1.103,1.04,1.044,1.045,1,0.991,1.034,1.008,0.984,0.984,0.985,0.964,0.979,1.002,0.984,0.962,0.994,
鋼管,1.108,1.117,1.11,1.078,1,1.065,1.068,1.031,0.999,0.99,0.992,0.979,0.973,0.966,0.959,0.947,0.925,
めっき鋼材,1.015,0.938,0.964,1.02,1,1.016,0.999,1.006,0.962,0.967,0.957,0.947,0.936,0.974,0.952,0.915,0.955,
鋳鍛造品,1.055,1.021,1.051,1.037,1,1.05,1.056,1.037,0.957,0.984,0.945,0.942,0.989,0.987,0.959,0.959,1.013,
非鉄金属工業,1.032,1.042,1.029,1.021,1,1.012,0.988,0.97,0.973,0.995,0.977,0.983,0.992,0.97,0.967,0.946,0.991,
非鉄金属精錬・精製品,0.957,1.062,1.029,1.055,1,0.996,0.948,0.899,1.001,1.003,0.978,0.983,0.959,0.853,0.876,0.834,0.863,
非鉄金属圧延製品,1.127,1.1,1.072,1.052,1,0.969,0.975,0.977,0.95,0.965,0.962,0.966,0.966,0.976,0.97,0.958,0.987,
電線・ケーブル,1.072,1.061,1.053,1.074,1,1.068,0.964,0.941,0.978,1.01,1.04,1.059,1.112,1.137,1.18,1.184,1.215,
非鉄金属鋳物,1.024,0.965,0.999,0.993,1,1.067,1.081,1.106,0.961,1.009,0.986,1.031,1.022,0.998,0.983,0.992,1.052,
金属製品工業,1.017,1.028,1.043,1.038,1,1.001,0.982,0.991,0.931,0.963,0.955,0.963,0.957,0.933,0.914,0.91,0.918,
建設用金属製品,0.897,0.959,1.06,0.979,1,1.052,1,1.057,0.925,1.037,1.013,0.966,0.905,0.894,0.78,0.768,0.743,
建築用金属製品,1.032,1.055,1.025,1.018,1,0.977,0.959,0.922,0.904,0.924,0.902,0.902,0.911,0.914,0.862,0.848,0.85,
暖房・調理等装置,0.845,1.103,1.092,1.056,1,0.829,0.746,0.754,0.784,0.786,0.776,0.822,0.795,0.803,0.806,0.795,0.761,
粉末冶金製品,1.22,1.151,1.131,1.104,1,1.03,1.046,1.031,0.986,1.018,1.002,0.967,1.017,0.971,0.979,0.981,1.043,
金属線製品,1.092,1.029,1.02,1.022,1,0.984,0.971,0.938,0.896,0.908,0.886,0.872,0.89,0.863,0.862,0.87,0.886,
缶類,1.071,1.047,1.035,1.041,1,1.032,1.005,1.01,0.97,0.971,0.973,0.997,0.986,0.959,0.959,0.958,0.946,
その他の金属製品,0.948,0.943,0.983,0.984,1,1.05,1.051,1.068,0.981,1.044,1.006,1.016,1.043,1.026,1.018,0.994,1.06,
生産用機械工業,1.047,1.051,1.185,1.119,1,1.016,0.965,0.968,0.963,0.984,0.93,1.009,0.96,0.97,0.954,0.994,1.002,
農業用機械,1.346,1.08,1.329,1.341,1,1.071,1.061,0.995,0.915,0.819,0.708,0.716,0.716,0.788,0.829,0.907,0.941,
建設・鉱山機械,0.996,0.895,1.031,1.076,1,1.068,1.083,1.028,0.965,0.952,0.828,0.763,0.794,0.819,0.83,0.817,0.874,
生活関連産業用機械,0.954,0.974,0.999,0.915,1,0.935,0.989,1.089,0.966,1.031,0.94,0.942,0.98,0.945,0.999,0.922,0.934,
基礎素材産業用機械,0.971,1.061,1.191,1.151,1,1.077,0.911,0.977,0.992,0.977,0.988,0.951,0.973,1.002,0.875,0.864,0.922,
金属加工機械,0.93,0.989,1.02,1.039,1,1.022,0.982,0.967,0.799,0.793,0.802,0.853,0.844,0.803,0.813,0.781,0.825,
半導体・フラットパネルディスプレイ製造装置,1.059,1.106,1.41,1.191,1,1.004,0.967,0.982,1.115,1.223,1.109,1.361,1.122,1.173,1.116,1.256,1.133,
機械工具,1.414,1.365,1.29,1.075,1,1.078,1.135,1.125,1.163,1.233,1.218,1.242,1.182,1.218,1.241,1.31,1.389,
その他の生産用機械,1.038,1.037,1.098,1.108,1,0.979,0.857,0.833,0.738,0.748,0.774,0.789,0.85,0.864,0.847,0.861,0.94,
汎用・業務用機械工業,1.018,1.016,1.063,1.037,1,1.008,0.985,1.013,0.937,0.922,0.913,0.935,0.937,0.945,0.927,0.93,0.991,
汎用機械工業,1.043,1.036,1.089,1.05,1,1.015,0.991,1.016,0.943,0.925,0.901,0.916,0.915,0.943,0.912,0.922,0.973,
ボイラ・原動機,0.996,1.19,1.208,1.035,1,1.002,0.985,1.13,0.922,0.889,0.839,0.844,0.801,0.842,0.802,0.812,0.997,
ポンプ・圧縮機器,0.991,0.982,1.041,1.057,1,0.992,0.956,0.924,0.871,0.883,0.876,0.91,0.914,0.922,0.914,0.923,0.98,
運搬装置,1.109,1.013,1.117,1.073,1,1.174,1.05,1.13,1.043,0.976,0.958,0.894,0.888,1.02,0.927,1.013,0.968,
冷凍機・温湿調整装置,1.094,1.029,1.122,1.088,1,1.009,1.044,1.079,1.023,1.068,1.069,1.054,1.061,1.066,1.048,0.956,0.995,
汎用機械器具部品,1.094,1.096,1.093,1.072,1,1.035,1.045,1.037,0.941,0.962,0.952,0.981,0.967,0.973,0.97,0.966,0.981,
業務用機械工業,0.925,0.943,0.968,1.017,1,0.991,0.973,0.996,0.933,0.911,0.958,0.998,1.028,0.971,0.981,0.951,1.067,
事務用機器,0.813,0.656,0.919,1.043,1,0.758,0.627,0.67,0.733,0.867,0.755,0.941,0.954,0.945,0.922,0.919,0.945,
サービス用機器,0.966,0.99,1.001,1.007,1,1.122,0.945,0.809,0.846,0.905,0.852,0.869,0.811,0.934,1.016,1.062,1.105,
計測機器,1.076,0.986,1.033,1.033,1,0.931,0.873,0.844,0.802,0.808,0.798,0.879,0.866,0.86,0.882,0.869,0.964,
分析機器・試験機,0.821,0.923,0.909,1.008,1,1.013,1.052,1.129,1.054,0.955,1.066,1.101,1.124,1.017,1.045,0.995,1.11,
光学機器・レンズ,1.039,1.019,1.06,1.042,1,1.016,0.976,0.972,0.769,0.9,0.952,0.936,0.979,0.946,0.951,0.942,1.058,
電子部品・デバイス工業,1.205,1.153,1.104,1.06,1,1.021,1.002,1.049,1.049,1.071,1.137,1.071,1.111,1.128,1.168,1.157,1.175,
集積回路（ＩＣ）,1.135,1.106,1.05,1.039,1,1.054,1.039,1.194,1.192,1.241,1.411,1.269,1.361,1.403,1.497,1.441,1.414,
電子デバイス,1.318,1.166,1.181,1.114,1,0.963,0.902,0.835,0.848,0.878,0.827,0.785,0.744,0.703,0.693,0.703,0.686,
電子部品,1.495,1.434,1.25,1.138,1,1.174,1.221,1.25,1.212,1.195,1.189,1.185,1.213,1.212,1.233,1.198,1.318,
電子回路,1.08,1.09,1.108,1.025,1,0.936,0.928,0.892,0.888,0.916,0.915,0.889,0.921,0.967,0.964,0.977,1.111,
その他の電子部品,1.047,1.074,1.106,1.079,1,0.975,0.879,0.847,0.854,0.895,0.929,0.908,0.917,0.951,0.956,0.989,0.972,
電気・情報通信機械工業,0.949,0.944,0.994,1,1,1.001,0.974,0.964,0.911,0.919,0.93,0.932,0.924,0.917,0.909,0.929,0.931,
電気機械工業,0.964,0.961,1,1.013,1,1.002,0.971,0.981,0.899,0.914,0.935,0.951,0.935,0.927,0.925,0.946,0.951,
回転電気機械,1.011,1.019,1.066,1.072,1,1.017,0.976,0.966,0.894,0.913,0.918,0.891,0.931,0.929,0.91,0.878,0.917,
開閉制御装置・機器,0.998,1.012,1.03,1.036,1,0.997,0.964,0.978,0.88,0.898,0.91,0.948,0.952,0.934,0.922,0.935,0.906,
その他の産業用電気機械,0.891,0.889,0.958,0.996,1,1.001,0.967,1.031,0.91,0.869,0.81,0.798,0.759,0.78,0.756,0.736,0.734,
家事用機器,1.138,0.999,1.179,1.116,1,0.943,0.87,0.955,0.898,0.832,0.844,0.875,0.856,0.838,0.823,0.866,0.865,
空調・住宅関連機器,0.954,0.905,1.112,1.101,1,0.978,0.839,1.039,0.934,0.921,1.009,1.002,0.995,0.983,1,0.994,1.001,
配線・電球・照明器具,1.044,1.012,1.007,0.974,1,1.027,1.044,1.044,0.936,1.004,0.998,0.977,1.018,1.022,0.993,0.965,1.029,
電池,0.857,0.858,0.839,0.937,1,0.974,0.976,0.894,0.769,0.83,0.899,0.893,0.841,0.829,0.88,0.93,1.003,
電子応用装置,0.939,0.871,0.953,0.949,1,1.114,1.027,1.052,1.045,1.117,1.019,1.053,1.075,0.942,0.933,1.041,1.016,
電気計測器,0.957,1.029,0.953,1.009,1,0.985,0.985,0.97,0.986,0.95,0.987,0.976,1.016,0.995,0.987,1.024,1.051,
情報通信機械工業,0.889,0.902,0.964,0.972,1,0.996,0.973,0.929,0.934,0.914,0.929,0.944,0.84,0.883,0.887,0.884,0.818,
有線通信機器,0.688,0.795,0.815,0.811,1,0.842,0.885,0.703,0.736,0.689,0.746,0.813,0.743,0.722,0.764,0.792,0.805,
無線通信機器,0.983,1.014,1.014,0.998,1,0.93,0.739,0.791,0.905,0.531,0.769,0.593,0.661,0.583,0.665,0.614,0.703,
民生用電子機械,0.852,0.837,0.915,0.917,1,1.09,1.071,1.043,0.994,1.06,1.034,1.034,0.805,0.825,0.75,0.775,0.953,
電子計算機,0.964,0.933,1.021,1.046,1,1.085,1.119,1.004,0.988,1.012,1.083,1.286,1.119,1.384,1.463,1.221,0.945,
情報端末装置,0.879,0.863,0.972,1.018,1,0.939,1.029,1.004,0.977,1.04,0.962,0.937,0.851,0.832,0.858,0.907,0.74,
輸送機械工業,0.91,0.873,0.932,0.945,1,1.044,1.056,1.085,0.943,1.008,1.004,1.021,1.02,1.008,0.988,1.008,1.051,
自動車工業,0.93,0.851,0.952,0.96,1,1.065,1.072,1.099,0.923,0.98,0.974,1.02,1.014,0.987,0.969,0.992,1.037,
乗用車,0.86,0.829,0.906,0.904,1,1.07,1.065,1.097,0.924,1.006,0.972,1.007,1.01,0.994,0.956,0.966,1.016,
トラック,0.98,0.94,1.109,1.075,1,0.953,0.993,0.996,0.76,0.973,0.929,0.882,0.927,0.972,0.971,0.985,1.016,
車体・自動車部品,0.989,0.932,0.956,0.946,1,1.091,1.104,1.104,0.937,1.039,0.997,0.998,1.015,0.993,0.989,1.01,1.043,
二輪自動車,0.781,0.904,1.129,1.121,1,1.183,1.073,1.094,1.05,0.965,0.837,1.001,1.128,1.121,1.023,1.066,1.109,
輸送機械工業（除．自動車工業）,0.838,0.924,0.981,1,1,1.034,1.084,1.114,1.159,1.149,1.226,1.121,1.151,1.152,1.145,1.181,1.23,
産業車両,1.048,0.994,1.038,1.101,1,0.995,0.982,0.955,0.907,0.948,0.937,0.931,0.912,0.881,0.896,0.856,0.884,
航空機部品,0.628,0.788,0.966,1.067,1,1.084,1.246,1.266,1.372,1.423,1.537,1.306,1.391,1.375,1.322,1.445,1.536,
船舶・同機関,0.967,0.987,1.023,0.971,1,1.041,1.013,1.013,1.001,0.994,1.011,1.057,1.012,1.047,1.067,1.051,1.048,
窯業・土石製品工業,1.077,1.06,1.05,1.021,1,0.999,0.999,0.996,0.956,0.958,0.95,0.948,0.931,0.932,0.925,0.919,0.913,
ガラス・同製品,1.006,0.956,0.989,0.993,1,1.033,1.036,1.023,0.965,0.958,0.938,0.961,0.948,0.958,0.921,0.925,0.904,
セメント・同製品,1.072,1.08,1.046,1.004,1,0.973,0.957,0.946,0.926,0.928,0.907,0.905,0.889,0.894,0.862,0.851,0.838,
陶磁器・同関連製品,1.194,1.178,1.139,1.074,1,1.01,1.031,1.04,1.008,1.013,1.02,1.023,1.021,1.01,1.031,1.018,1.049,
その他の窯業・土石製品,1.041,1.052,1.018,0.981,1,0.983,0.968,0.963,0.939,0.926,0.924,0.911,0.88,0.875,0.873,0.87,0.887,
化学工業,1.049,1.04,1.044,1.023,1,0.997,0.991,0.996,0.988,0.981,0.989,0.98,0.985,0.984,0.984,0.981,0.985,
化学工業（除．医薬品）,1.084,1.062,1.054,1.033,1,0.989,0.977,0.989,0.968,0.956,0.948,0.944,0.951,0.949,0.938,0.944,0.929,
無機・有機化学工業,1.1,1.105,1.097,1.03,1,1.009,0.976,0.97,0.94,0.941,0.92,0.924,0.928,0.928,0.887,0.914,0.855,
無機化学工業製品,1.058,1.066,1.075,1.053,1,1.018,1.028,1.02,0.97,1.03,0.975,0.957,0.977,0.953,0.941,0.942,0.951,
石油化学系基礎製品,0.999,1.014,0.991,0.958,1,0.966,0.925,0.89,0.908,0.893,0.832,0.875,0.871,0.888,0.855,0.872,0.741,
脂肪族系中間物,1.156,1.138,1.081,1.044,1,0.99,0.95,0.984,0.942,0.91,0.936,0.907,0.907,0.901,0.883,0.864,0.807,
環式中間物,1.271,1.155,1.115,1.086,1,1.016,0.95,0.897,0.858,0.793,0.84,0.897,0.774,0.834,0.78,0.772,0.781,
プラスチック,1.079,1.102,1.078,1,1,1.008,0.97,0.988,0.949,0.935,0.91,0.934,0.944,0.949,0.911,0.952,0.86,
その他の有機化学工業製品,1.164,1.226,1.311,1.119,1,1.071,1.003,1.036,1.033,1.072,1.077,0.975,1.093,1.01,0.945,1.055,0.949,
化学工業（除．無機・有機化学工業）,1,0.994,1.002,1.026,1,0.996,0.991,0.998,1.021,1,1.027,1.013,1.02,1.02,1.036,1.021,1.065,
化学工業（除．無機・有機化学工業・医薬品）,1.057,1.031,1.027,1.044,1,0.985,0.987,1.01,1,0.987,0.983,0.962,0.978,0.982,0.994,0.978,1.006,
化学肥料,1.057,1.073,1.047,1.178,1,0.931,0.822,0.876,0.871,0.855,0.88,0.925,0.847,0.925,0.88,0.836,0.857,
塗料・印刷インキ,1.034,1.03,1.022,1.01,1,1.001,0.999,1.016,0.961,0.988,0.976,0.97,0.966,0.962,0.947,0.945,0.958,
洗剤・界面活性剤,1.035,1.019,1.019,1.057,1,0.97,0.961,0.974,0.938,0.952,0.958,0.99,0.994,0.982,0.976,0.952,0.988,
化粧品,1.073,1.055,1.041,1.027,1,1.002,1.017,1.027,1.052,1.02,1.01,0.94,0.981,0.99,1.02,1.011,1.039,
石油・石炭製品工業,1.006,1.027,1.023,0.994,1,0.968,0.967,0.939,0.926,0.945,0.863,0.905,0.865,0.908,0.908,0.911,0.917,
石油製品,1.003,1.025,1.021,0.992,1,0.965,0.963,0.94,0.925,0.945,0.861,0.903,0.864,0.911,0.911,0.912,0.922,
石炭製品,1.048,1.048,1.033,1.008,1,1.002,1.006,0.937,0.932,0.921,0.915,0.924,0.885,0.867,0.865,0.879,0.836,
プラスチック製品工業,1.051,1.033,1.036,1.018,1,1.008,1.009,1.032,0.985,1.007,1.002,1.003,1.025,1.01,0.998,0.986,1.028,
プラスチック製管・フィルム・シート・建材類,1.109,1.098,1.081,1.036,1,0.995,0.97,0.996,0.977,0.998,1.002,1.01,1.019,1.014,1.005,0.985,1.025,
工業用プラスチック製品,0.977,0.933,0.966,0.997,1,1.033,1.059,1.094,0.956,1,0.977,1.007,1.018,0.979,0.957,0.981,1.015,
発泡プラスチック製品,1.041,1.072,1.036,1.024,1,0.99,1.001,1.008,0.99,0.993,0.982,0.997,0.977,0.961,0.96,0.965,0.975,
プラスチック製日用雑貨・容器類,1.051,1.048,1.038,1.022,1,0.986,1.009,1.037,1.013,1.03,1.05,1.05,1.033,1.056,1.064,1.047,1.046,
パルプ・紙・紙加工品工業,1.053,1.042,1.042,1.021,1,0.983,0.976,0.964,0.947,0.958,0.969,0.969,0.954,0.946,0.942,0.925,0.919,
パルプ,1.001,1.016,1.025,0.997,1,0.921,0.961,0.917,0.939,0.937,0.971,0.959,0.945,0.895,0.907,0.875,0.891,
紙,1.046,1.03,1.01,1.004,1,0.96,0.95,0.915,0.92,0.91,0.923,0.926,0.906,0.887,0.886,0.86,0.83,
板紙,1.08,1.076,1.08,1.051,1,1.016,0.994,1.005,0.982,0.997,0.998,1.007,0.991,0.997,0.979,0.985,0.979,
紙加工品,1.06,1.042,1.042,1.014,1,0.993,0.993,0.995,0.956,0.993,0.98,0.98,0.976,0.982,0.974,0.962,0.974,
食料品・たばこ工業,1.006,0.996,1.015,0.993,1,0.998,1.002,0.995,0.985,0.996,0.991,0.996,1.004,0.977,0.981,0.982,0.988,
肉加工品,1.014,0.997,0.998,0.995,1,0.994,0.99,0.987,0.991,0.986,0.977,0.962,0.966,0.968,0.977,0.962,0.981,
乳製品,1.017,1.005,1.01,1.004,1,0.992,0.993,0.986,0.975,0.983,0.985,0.993,0.981,0.97,0.964,0.96,0.959,
水産・野菜食料品,1.011,0.99,0.969,0.986,1,0.965,0.938,0.926,0.898,0.909,0.885,0.864,0.857,0.848,0.818,0.806,0.847,
食用油脂,1.047,1.051,1.021,1.037,1,0.997,0.994,1.01,1,1.029,1.027,1.006,1.03,1.009,1.044,1.016,1.04,
調味料,1.024,0.996,1.002,0.988,1,0.986,0.994,0.994,0.977,0.995,0.996,0.999,0.991,1.002,1,1.001,1.035,
糖類,1.005,1.007,1.006,1.035,1,1.012,1.023,1.002,1.009,1.021,1.021,0.998,1.041,1.005,0.993,0.995,1.016,
製粉・調整粉,1.012,1.031,0.995,0.998,1,1.012,1.002,0.996,1.008,1.014,1.018,1.023,1.018,1.023,1.03,1.021,1.038,
パン・菓子,1.004,1.009,0.994,0.981,1,0.99,0.978,0.969,0.977,0.991,0.984,0.984,0.974,1.011,0.977,1.006,1.018,
麺類,1.008,1.004,1.023,1.022,1,1.003,1.015,0.997,0.99,1.002,0.987,0.992,1.002,1.024,1.013,1.025,1.053,
清涼飲料,1.026,0.961,1.042,1.019,1,0.944,1.002,0.995,0.989,0.975,1.01,1.001,0.96,0.974,0.999,1.001,0.958,
酒類,1.008,1.003,1.063,0.965,1,1.003,1.035,1.035,1.037,1.024,1.032,1.049,1.118,0.959,1.034,1.036,1.023,
その他工業,1.035,1.021,1.022,1.02,1,0.985,0.967,0.977,0.921,0.932,0.932,0.929,0.928,0.922,0.921,0.917,0.905,
繊維工業,1.047,1.025,1.02,1.016,1,1,0.967,0.961,0.897,0.95,0.953,0.948,0.929,0.921,0.9,0.879,0.856,
繊維,1.094,1.062,1.053,1.027,1,0.983,0.953,0.914,0.844,0.922,0.921,0.887,0.874,0.863,0.854,0.809,0.763,
織物,0.957,0.967,0.994,0.992,1,1.026,0.982,0.963,0.927,0.957,0.991,1.024,1.023,1.015,0.983,0.959,0.95,
染色整理,0.996,0.98,0.997,1.005,1,1.002,0.992,0.971,0.92,0.948,0.92,0.933,0.927,0.923,0.892,0.889,0.905,
繊維製品・粗製品,1.071,1.04,1.032,1.034,1,0.999,0.989,1.011,0.971,0.994,0.988,0.944,0.942,0.924,0.906,0.887,0.899,
木材・木製品工業,1.111,1.117,1.085,1.014,1,0.979,0.96,1.013,0.929,0.912,0.9,0.926,0.954,0.945,0.933,0.945,0.918,
木材・木製品,1.111,1.117,1.085,1.014,1,0.979,0.96,1.013,0.929,0.912,0.9,0.926,0.954,0.945,0.933,0.945,0.918,
家具工業,1.007,1.039,1.052,1.063,1,1.007,0.977,1.005,0.989,0.991,0.995,1.008,0.995,0.979,0.981,1.005,1.001,
家具,1.007,1.039,1.052,1.063,1,1.007,0.977,1.005,0.989,0.991,0.995,1.008,0.995,0.979,0.981,1.005,1.001,
印刷業,1.013,1.019,1.008,0.999,1,0.96,0.942,0.933,0.907,0.914,0.913,0.906,0.893,0.889,0.874,0.884,0.879,
印刷,1.013,1.019,1.008,0.999,1,0.96,0.942,0.933,0.907,0.914,0.913,0.906,0.893,0.889,0.874,0.884,0.879,
ゴム製品工業,1.027,0.986,0.998,1.002,1,0.998,0.986,0.984,0.921,0.94,0.925,0.908,0.949,0.944,0.944,0.925,0.928,
ゴム製品,1.027,0.986,0.998,1.002,1,0.998,0.986,0.984,0.921,0.94,0.925,0.908,0.949,0.944,0.944,0.925,0.928,
その他製品工業,0.997,1.015,1.038,1.033,1,1.01,0.997,1.015,0.963,0.931,0.939,0.901,0.925,0.932,0.941,0.917,0.958,
時計,0.944,1.011,1.16,1.081,1,1.059,0.97,0.965,0.852,0.784,0.679,0.624,0.799,0.809,0.869,0.829,0.904,
楽器,0.97,0.953,0.98,0.981,1,0.983,0.985,1.013,0.942,0.888,0.832,0.796,0.769,0.792,0.786,0.764,0.805,
玩具,0.952,0.971,0.952,0.993,1,1.019,0.972,1.009,0.955,0.97,1.038,1.009,1.027,1.028,1.06,1.023,1.044,
文具,1.086,1.074,1.074,1.047,1,0.979,1.038,1.052,1.037,0.979,1.015,0.972,0.962,0.956,0.937,0.92,0.99,
皮革製品,0.958,0.987,0.994,1.027,1,1.003,0.978,0.971,0.92,0.936,0.913,0.916,0.915,0.896,0.876,0.862,0.842,
鉱業,1.079,1.085,1.046,1.027,1,0.993,0.983,0.973,0.942,0.958,0.941,0.932,0.914,0.909,0.905,0.888,0.878,
産業総合（鉱工業、電力・ガス・熱供給・水道事業）,1.021,1.002,1.033,1.023,1,1.006,1,1.011,0.959,0.977,0.983,0.985,0.979,0.978,0.976,0.977,0.988,
産業総合（鉱工業、電力・ガス・熱供給）,1.021,1.002,1.033,1.023,1,1.007,1.001,1.012,0.959,0.977,0.983,0.985,0.979,0.978,0.976,0.977,0.988,
電力・ガス・熱供給・水道事業,1.074,1.034,1.054,1.025,1,0.999,1.047,0.994,1.01,1.003,1.04,1.003,1.029,1.024,1.024,1.012,1.014,
電力・ガス・熱供給,1.077,1.035,1.056,1.025,1,0.998,1.047,0.992,1.01,1.003,1.04,1.002,1.029,1.024,1.024,1.011,1.013,
機械工業,0.998,0.986,1.032,1.011,1,1.03,1.002,1.023,0.963,0.978,0.976,0.982,0.982,0.99,0.983,0.992,1.018,
非機械工業,1.037,1.028,1.034,1.017,1,1.002,0.995,0.995,0.969,0.98,0.973,0.976,0.977,0.968,0.961,0.958,0.966,
