rank,sector,turnover,price_mom_5,price_mom_15,price_mom_30,price_mom_150
1,電気機器,34926.1,4.6,6.04,3.27,24.96
2,情報･通信業,8844.5,1.37,1.84,5.27,3.46
3,銀行業,5723.1,6.37,8.39,16.17,37.37
4,機械,4670.8,3.3,2.98,-0.49,4.92
5,非鉄金属,4159.8,0.58,-1.48,-4.04,-5.04
6,その他,3410.3,1.05,-0.91,-2.06,1.25
7,卸売業,3236.2,1.83,2.08,3.71,7.25
8,小売業,2991.5,0.63,-0.04,0.84,-1.19
9,化学,2882.8,1.61,0.8,0.19,4.99
10,輸送用機器,2667.1,2.59,1.84,2.71,-2.78
11,サービス業,2646.9,0.63,-0.08,2.39,-0.56
12,医薬品,1865.1,1.19,4.34,9.6,-8.9
13,建設業,1569.1,0.95,1.5,3.08,-8.69
14,保険業,1538.0,0.86,2.57,2.53,3.69
15,その他製品,1453.8,1.77,0.94,2.17,2.09
16,食料品,1389.6,-0.25,-0.43,1.79,1.84
17,精密機器,1318.6,3.62,0.79,0.47,4.62
18,不動産業,1098.1,1.35,0.73,2.03,-4.33
19,陸運業,1087.8,1.18,0.42,1.67,0.42
20,電気･ガス業,865.6,-1.9,-0.39,6.47,2.14
21,ガラス･土石製品,689.8,2.26,2.48,0.3,2.78
22,海運業,640.3,-1.71,3.76,11.29,22.68
23,証券･商品先物取引業,560.0,0.67,1.82,6.7,7.03
24,金属製品,559.1,2.86,3.01,3.31,10.41
25,その他金融業,529.8,0.09,0.46,0.16,2.75
26,鉄鋼,481.0,1.6,1.36,3.69,5.44
27,ゴム製品,360.1,1.66,-0.26,-2.2,5.01
28,石油･石炭製品,308.0,-1.04,4.01,8.73,4.91
29,鉱業,241.9,-4.74,-3.87,1.29,-17.27
30,繊維製品,219.8,0.3,1.11,3.61,-1.94
31,空運業,154.1,1.78,1.93,1.04,-1.93
32,パルプ・紙,84.7,1.88,0.29,0.84,9.4
33,倉庫･運輸関連業,66.8,1.19,0.44,2.24,0.06
34,水産・農林業,39.8,-0.38,-1.87,0.98,-12.27
