Date,水産・農林業,その他,医薬品,情報･通信業,小売業,建設業,サービス業,不動産業,非鉄金属,鉱業,その他製品,卸売業,化学,その他金融業,食料品,精密機器,陸運業,証券･商品先物取引業,電気機器,金属製品,繊維製品,ガラス･土石製品,輸送用機器,電気･ガス業,石油･石炭製品,パルプ・紙,ゴム製品,鉄鋼,機械,銀行業,保険業,海運業,倉庫･運輸関連業,空運業
2025-09-17,23.9,2693.1,1198.3,5381.2,2355.5,871.0,2077.0,670.7,2714.6,130.4,1009.9,3133.0,1702.7,309.7,1013.7,843.2,644.3,378.8,11920.9,269.4,143.4,343.0,2029.8,1027.4,130.0,65.1,185.1,339.1,5010.9,2196.0,884.8,339.5,35.4,100.3
2025-09-18,23.0,3227.3,1180.1,5536.7,2233.8,845.8,2012.9,668.8,2501.5,142.3,1091.0,3093.3,1813.6,308.6,1008.0,867.6,670.3,386.0,12723.3,297.6,145.9,377.2,2089.6,1267.3,117.8,64.5,173.0,337.3,5467.8,2062.7,791.8,313.7,35.0,104.6
2025-09-19,35.5,4031.3,1492.6,6805.9,2872.1,1074.3,2335.8,915.0,3054.6,178.0,1454.8,3958.2,2476.0,451.9,1185.8,1114.5,923.3,514.4,15937.6,367.8,180.0,496.9,2867.6,1487.4,155.1,94.7,254.5,397.0,6637.2,3148.7,911.4,431.6,45.4,121.1
2025-09-22,34.2,3827.4,1482.7,6344.1,2783.8,1017.1,2220.4,855.5,2840.8,161.9,1366.9,3612.7,2370.3,413.2,1102.0,1048.8,861.7,471.3,16598.1,400.9,165.8,461.1,2650.6,1346.9,147.9,89.6,239.2,371.6,6294.7,3092.8,828.3,552.2,45.2,112.3
2025-09-24,34.3,3615.1,1504.7,6386.3,2738.4,991.4,2216.2,829.8,2770.9,162.5,1321.0,3494.6,2316.2,415.1,1082.4,1039.3,862.6,452.8,16928.3,387.2,163.4,456.8,2709.2,1243.0,149.1,84.4,233.3,357.5,6540.8,3106.9,837.6,538.8,45.8,109.9
2025-09-25,35.2,3652.1,1591.9,6676.9,2725.6,991.3,2199.7,834.0,2960.2,170.3,1316.6,3510.4,2371.5,445.6,1212.2,1063.9,924.3,452.7,17184.7,390.7,165.6,476.2,2814.3,1269.1,157.2,83.1,242.4,379.7,7023.0,3340.3,846.3,553.2,47.2,112.2
2025-09-26,37.8,3543.4,1828.1,6856.1,2896.6,1061.0,2301.6,888.3,3037.2,178.3,1321.1,3565.0,2509.5,481.6,1414.9,1078.5,1059.4,480.3,17411.4,397.2,168.7,480.1,3008.7,1201.6,176.9,86.1,264.0,406.0,7101.8,3754.4,899.4,608.5,51.6,121.2
2025-09-29,30.6,3045.3,1783.4,5951.5,2571.7,930.6,2107.7,771.0,2900.9,155.2,1073.2,2978.8,2140.4,404.1,1343.0,902.6,963.2,411.0,15194.1,372.5,142.7,400.8,2643.7,985.9,169.7,68.1,224.5,379.6,6440.8,3359.7,947.4,601.2,46.8,112.8
2025-09-30,29.3,3011.0,1798.5,5919.5,2572.3,934.0,2268.9,789.2,3036.0,183.8,1062.1,3016.2,2134.6,413.8,1400.3,933.0,974.9,422.4,13762.6,345.2,143.4,398.2,2748.4,1022.8,176.8,68.2,240.0,401.0,6469.7,3478.5,1095.6,541.8,46.8,118.7
2025-10-01,28.2,3213.5,1847.4,5751.9,2568.4,964.6,2239.8,817.0,3132.3,185.9,1067.2,3121.5,2104.2,406.2,1442.2,884.8,958.7,432.6,12265.5,356.1,145.1,376.2,2674.4,1082.7,177.6,70.7,244.7,414.8,6226.3,3543.2,1185.6,549.4,49.6,121.1
2025-10-02,26.4,3295.6,2006.1,5480.2,2638.3,958.0,2187.9,844.6,3060.0,178.3,1099.3,3382.2,2099.7,379.7,1329.2,860.7,922.2,439.2,12177.1,374.8,143.3,368.4,2614.8,1092.6,169.2,69.6,238.7,383.7,6090.6,3412.6,1267.6,538.8,50.4,121.2
2025-10-03,24.4,3416.8,1910.9,5290.3,2601.1,868.4,2004.0,851.8,3107.5,178.0,1017.0,3429.1,1964.2,342.1,1157.4,798.9,762.7,391.2,12213.8,398.6,138.7,349.3,2355.0,1101.2,150.1,62.7,228.9,334.0,5990.1,3049.5,1314.0,488.1,46.4,108.7
2025-10-06,25.9,4160.2,1943.2,5685.4,2797.1,933.9,2028.5,936.0,3153.5,190.2,1117.9,3609.1,2103.9,350.9,1187.3,875.9,742.1,414.4,14612.7,393.3,150.1,376.6,2788.8,1174.8,140.2,62.2,245.8,329.0,7039.0,3381.4,1332.6,448.5,49.5,116.7
2025-10-07,27.1,4410.9,2009.5,5984.3,2797.2,938.3,1859.3,1031.2,3971.1,174.8,1081.3,3601.5,2144.9,341.4,1171.1,861.6,732.3,433.4,15870.4,386.3,152.0,395.2,2975.8,1246.1,131.4,58.6,251.2,318.2,7866.6,3239.2,1278.7,397.3,49.1,122.0
2025-10-08,36.1,4291.5,2000.2,6001.8,2779.6,918.3,1794.8,1041.2,4614.9,166.2,1024.0,3446.0,2131.5,339.9,1169.8,1011.4,726.1,481.6,16358.3,369.1,147.0,403.1,3092.0,1266.4,132.5,53.0,253.8,316.0,8188.9,3202.3,1257.9,376.5,46.5,122.1
2025-10-09,39.2,4445.9,1872.4,6998.2,2825.3,910.0,1844.5,1023.9,5115.4,167.9,985.6,3050.1,2120.6,331.5,1178.6,1031.7,711.8,572.3,16686.7,357.9,143.2,398.5,3174.2,1320.6,135.1,54.3,259.4,319.8,8400.9,3160.3,1170.8,415.2,47.2,122.3
2025-10-10,42.1,4421.3,1941.9,7470.4,3233.6,975.8,1953.3,990.9,5386.5,167.8,1033.6,2941.3,2196.3,349.9,1188.2,1158.9,758.9,681.0,16633.3,324.1,143.1,409.1,3342.2,1305.6,147.1,60.2,283.8,351.1,8697.4,3351.5,1138.8,435.8,53.5,126.4
2025-10-14,42.8,4394.3,1926.1,7887.6,3421.0,957.1,1993.8,929.4,5767.6,172.7,971.7,2902.3,2211.2,359.9,1159.7,1153.7,746.0,712.0,15632.4,332.6,138.5,406.2,2973.6,1262.2,151.9,63.0,304.7,356.5,8032.2,3070.7,1065.7,478.0,52.5,123.7
2025-10-15,41.5,4288.0,1849.3,8016.6,3603.8,968.6,2063.9,816.7,5018.6,159.1,957.4,2958.6,2107.4,355.2,1150.4,1132.1,739.3,701.9,14815.8,320.7,135.3,377.0,2692.5,1141.3,151.4,59.5,330.7,339.1,7284.1,2926.1,1015.5,473.5,50.6,115.5
2025-10-16,30.1,4396.9,1766.4,8657.7,3707.7,987.4,2121.8,761.1,4412.7,151.2,1182.0,2909.9,2057.8,348.2,1115.8,983.1,714.4,651.1,15029.7,312.8,130.1,357.9,2465.5,1110.9,139.4,56.9,333.3,316.6,6923.8,2662.9,926.8,454.0,49.7,111.1
2025-10-17,27.5,4525.5,1729.4,8051.8,3724.3,1001.6,2125.4,733.1,4009.0,145.2,1359.9,2878.9,2004.9,356.5,1091.9,957.7,696.3,567.7,14244.0,301.6,135.6,341.1,2332.1,1046.9,133.2,53.2,334.1,306.5,6717.0,2706.9,979.8,409.0,50.5,106.1
2025-10-20,23.7,4908.7,1536.5,8299.8,3364.5,982.0,2070.4,729.2,3886.3,128.0,1396.4,2723.6,1866.4,340.1,1039.9,879.7,651.9,488.0,13929.0,290.9,135.8,331.1,2227.4,996.7,118.1,46.1,316.1,281.5,6343.5,2730.7,922.8,395.5,45.2,97.6
2025-10-21,20.8,4714.4,1373.3,9093.9,3034.8,1067.8,1943.3,681.6,3751.8,106.0,1483.3,2489.6,1672.9,333.7,979.6,880.6,615.3,439.3,13223.5,282.8,128.3,318.1,2036.5,998.3,103.7,39.1,273.9,265.0,6203.8,2652.4,891.5,327.2,49.6,89.1
2025-10-22,22.3,4868.4,1333.4,10416.1,2884.7,1253.6,1835.2,676.3,3980.6,111.2,1575.3,2346.1,1657.1,337.9,978.9,897.5,609.1,424.0,12989.8,288.4,140.0,352.4,2471.6,999.8,102.1,40.6,240.9,300.7,6357.6,2706.0,894.5,325.7,55.7,85.3
2025-10-23,24.5,4836.8,1275.1,10196.4,2739.8,1498.8,1718.8,682.8,4088.1,132.0,1367.7,2310.8,1635.5,324.0,954.1,906.9,597.6,403.7,12262.2,293.7,144.9,376.1,2735.5,936.0,110.8,42.3,232.4,301.3,6643.9,2704.9,898.7,330.3,57.7,80.7
2025-10-24,25.5,4602.2,1170.9,10218.0,2556.3,1629.3,1638.6,697.0,4300.1,143.7,1162.0,2300.0,1659.9,322.3,942.1,911.2,579.2,383.5,12849.8,295.8,136.0,399.7,2996.9,892.4,110.5,42.0,225.1,303.3,6662.1,2600.1,819.7,338.9,55.1,80.8
2025-10-27,27.3,4459.8,1190.8,10112.8,2397.3,1844.0,1618.5,716.4,4661.3,162.5,1095.7,2346.8,1883.0,323.5,928.7,924.6,586.4,398.9,13082.0,319.2,131.9,410.3,3442.1,865.6,120.1,44.2,217.7,327.6,7078.0,2471.4,825.3,360.2,56.7,82.6
2025-10-28,28.5,4049.0,1184.2,9475.2,2273.2,1929.0,1612.4,761.4,4614.5,174.2,926.3,2431.4,1961.0,303.5,948.5,856.3,592.6,390.4,12915.5,320.0,131.4,402.5,3778.6,864.7,126.1,47.1,220.3,351.9,7118.7,2327.9,783.8,375.3,50.7,87.0
2025-10-29,27.9,4298.1,1166.0,8690.1,2244.3,1960.2,1643.0,807.2,4704.7,175.0,841.8,2460.7,2044.5,310.8,993.0,828.3,610.0,411.4,15424.0,327.3,119.9,377.5,3504.7,900.9,126.1,51.5,207.6,327.0,7317.5,2352.0,801.3,366.8,49.5,94.3
2025-10-30,33.0,4807.0,1267.6,9561.6,2486.7,1999.1,1837.1,1020.6,5205.9,172.2,896.4,2913.2,2290.9,416.1,1173.2,901.0,818.7,468.2,19229.7,363.8,132.9,404.0,3632.9,1037.5,161.9,63.3,211.9,416.0,7786.1,3177.1,1136.4,411.1,55.5,137.2
2025-10-31,33.9,5289.1,1483.3,9814.2,2623.1,1991.9,1937.6,1068.9,5344.1,171.9,948.7,3012.6,2439.0,419.4,1323.2,968.1,920.3,571.8,22961.0,388.5,137.5,401.4,3714.2,1153.1,175.5,72.5,216.2,445.8,7952.6,3274.1,1175.7,408.9,56.8,184.5
2025-11-04,36.1,5265.9,1652.4,10061.4,2806.1,1870.6,2027.4,1055.1,5520.2,167.4,1027.7,3306.6,2497.5,423.1,1452.5,995.6,985.3,643.2,26321.6,394.3,140.1,452.6,3484.6,1243.5,181.3,75.3,223.9,453.5,7880.6,3313.8,1212.9,509.3,61.8,216.2
2025-11-05,38.5,6257.5,1911.7,10480.0,3057.2,1841.4,2156.7,1059.3,5788.6,174.7,1464.4,3765.3,2637.3,440.5,1568.1,1086.7,1056.9,713.1,28619.1,398.6,159.8,570.2,3599.5,1290.0,198.6,81.1,240.4,472.9,8132.8,3598.4,1282.1,557.8,65.7,256.9
2025-11-06,45.4,5817.2,1988.0,10193.5,3079.1,1736.6,2171.6,1056.2,5850.6,171.4,1765.7,4277.1,2716.7,444.4,1583.9,1110.6,1090.0,710.5,26748.9,402.5,197.6,631.5,3681.6,1375.2,205.6,87.0,251.2,534.2,8163.4,3672.7,1261.7,676.6,65.9,260.5
2025-11-07,43.4,5463.5,2002.0,9408.5,3157.1,1524.0,2232.8,843.6,6200.6,158.4,1816.2,4038.6,2589.6,335.6,1581.6,1035.8,930.8,673.2,24357.5,367.1,188.5,639.1,3392.4,1299.7,161.0,86.9,240.7,476.4,7609.4,2947.5,897.9,652.7,60.7,221.0
2025-11-10,42.8,4961.2,1861.8,8980.7,3115.7,1471.2,2197.1,830.8,6544.7,155.1,1835.7,4065.0,2501.4,332.3,1607.8,970.8,874.8,586.0,21088.3,350.5,189.6,708.1,3179.1,1198.0,161.2,82.5,238.6,462.4,7170.6,2894.7,822.6,650.5,60.1,174.5
2025-11-11,44.6,4729.6,1718.2,8511.2,2941.9,1536.2,2102.7,852.5,6764.0,149.8,1786.5,3767.2,2403.9,327.7,1579.9,887.6,834.3,479.2,19125.3,324.4,200.5,751.1,3082.9,1179.6,159.1,81.1,233.8,439.2,6902.7,2781.3,758.0,538.6,53.2,180.1
2025-11-12,46.6,3632.7,1592.2,8026.5,2736.8,1540.4,1999.8,887.7,7127.2,150.5,1538.5,3225.4,2347.5,314.5,1630.7,842.7,806.2,416.0,17189.0,356.3,199.4,721.9,2741.8,1155.7,178.6,74.0,306.6,407.2,6680.3,2742.0,717.7,491.0,48.7,146.5
2025-11-13,41.4,3479.7,1595.7,7743.2,2643.8,1645.5,1996.5,904.0,7648.0,164.0,1335.6,2746.6,2284.7,346.4,1651.3,849.5,792.9,449.7,16869.4,347.2,165.6,722.0,2550.6,1173.0,193.6,64.8,354.7,340.2,6448.8,2842.0,719.2,377.8,43.3,146.5
2025-11-14,40.3,3398.5,1669.8,8009.3,2452.8,1750.4,1928.9,970.7,7400.4,203.7,1277.6,2534.5,2361.6,383.6,1600.5,860.9,812.0,468.1,15974.6,385.0,201.5,743.6,2514.0,1268.2,219.5,57.7,422.2,326.0,6465.6,3048.7,805.4,350.6,41.5,153.1
2025-11-17,42.8,3338.7,1698.1,7928.2,2795.5,1809.1,2025.8,983.9,6895.7,217.0,1242.9,2545.7,2399.3,410.1,1501.3,862.4,829.6,497.3,15936.0,402.0,212.9,705.8,2431.6,1246.2,220.4,57.8,438.6,305.1,6570.4,3368.6,925.6,336.7,43.1,174.8
2025-11-18,39.5,3643.8,1750.9,7757.3,2930.3,1753.5,2084.1,984.6,6667.3,231.1,1251.7,2722.5,2402.2,432.1,1480.7,905.5,857.8,545.9,15031.4,419.7,208.4,675.2,2359.5,1261.2,226.4,59.0,447.7,309.6,6635.2,3637.7,1033.0,340.5,46.0,149.8
2025-11-19,49.5,3876.8,1740.0,7233.2,3191.0,1707.2,2090.7,927.8,6599.1,229.0,1133.3,2823.9,2313.7,441.2,1370.6,874.4,841.0,551.7,15125.1,375.5,201.4,628.0,2315.2,1389.2,197.3,60.3,365.2,290.0,6538.2,3525.2,1071.6,324.9,47.7,140.5
2025-11-20,51.1,4281.4,1845.2,7250.3,3378.9,1589.1,2095.1,904.0,6281.1,221.1,1048.2,2766.2,2335.4,409.0,1341.1,831.7,825.5,519.7,16235.0,378.4,198.8,641.4,2296.7,1486.4,187.9,59.9,312.8,297.1,6590.6,3442.0,1326.7,322.4,49.9,132.7
2025-11-21,52.9,4332.1,2054.1,6978.4,3570.7,1646.8,2330.4,1026.1,6162.6,218.6,1090.5,3056.4,2473.1,480.6,1735.8,913.6,1098.0,569.2,17926.4,343.6,171.4,655.1,2600.9,1503.7,195.2,61.3,287.1,307.6,6851.8,3493.5,1691.8,347.9,50.8,139.6
2025-11-25,52.1,4350.4,2158.4,7465.4,3316.4,1640.5,2225.8,1047.8,6146.9,212.7,1115.1,2984.5,2433.6,460.6,1769.7,905.2,1110.3,533.3,17650.4,312.9,167.0,668.3,2585.9,1738.1,182.7,60.9,279.8,322.8,6811.4,3334.1,1723.1,351.7,50.7,125.7
2025-11-26,53.7,4025.9,2254.9,7541.8,3352.1,1700.7,2178.4,1072.8,5695.0,217.0,1093.9,2818.8,2341.3,440.0,1792.2,857.0,1102.7,511.3,17283.1,291.5,167.0,637.7,2575.0,1794.1,176.2,62.2,281.7,340.2,6733.0,3467.4,1686.5,351.0,51.8,117.7
2025-11-27,40.9,3722.8,2195.8,7492.0,3072.0,1639.9,2076.8,1071.4,4835.3,211.5,1069.6,2691.1,2337.3,411.8,1747.3,819.6,1083.1,477.7,16709.1,273.5,163.3,612.8,2448.3,1722.3,162.5,59.6,277.1,339.2,6227.2,3521.9,1611.5,343.9,51.4,112.5
2025-11-28,38.9,3196.6,2067.7,7087.6,2909.9,1596.7,1995.8,1061.6,4201.0,212.8,1091.0,2700.2,2276.3,406.2,1728.2,809.3,1061.3,446.3,15083.9,251.4,175.4,563.0,2409.9,1531.2,155.6,68.3,271.3,355.9,5960.5,3455.6,1359.9,353.7,51.5,110.1
2025-12-01,37.6,3139.4,1769.2,6496.0,2644.4,1430.0,1627.5,925.7,3963.2,210.2,993.3,2341.6,2026.7,313.4,1259.1,686.6,738.5,369.5,13477.9,245.7,166.4,526.4,2046.0,1489.5,133.6,67.5,241.2,341.1,5183.6,3585.4,958.7,326.5,51.4,98.2
2025-12-02,35.9,2997.8,1694.4,5844.0,2477.9,1383.2,1574.1,906.4,3800.7,210.8,925.5,2181.2,1981.1,309.3,1165.5,637.2,687.8,364.8,13297.7,243.7,160.2,534.4,2045.3,1444.0,140.3,66.7,233.0,325.0,4980.3,3886.7,900.0,322.7,50.0,91.4
2025-12-03,34.4,2879.6,1602.9,5765.7,2430.6,1250.4,1563.1,848.3,3750.3,199.6,909.4,2083.1,1914.1,307.0,1096.4,622.6,649.7,339.4,13421.7,240.1,153.4,622.8,2001.7,1371.4,138.6,63.5,230.3,298.8,4708.2,3711.3,874.1,315.0,46.2,93.3
2025-12-04,34.2,3069.0,1729.8,6256.7,2442.6,1238.4,1691.1,830.9,3658.9,197.2,872.6,2191.3,1891.3,317.9,1097.5,613.2,642.0,355.3,13913.6,246.3,143.9,681.4,2171.7,1335.5,147.1,66.2,238.8,330.2,4901.0,3648.0,931.0,340.7,45.0,98.1
2025-12-05,32.5,3242.0,1772.3,7215.7,2412.1,1209.7,1706.4,815.8,3647.0,202.5,862.2,2155.2,1871.6,314.3,1071.1,627.4,656.9,383.0,14328.8,265.4,129.5,702.6,2246.8,1317.4,147.0,59.8,277.4,307.3,4719.4,3820.5,920.3,332.5,44.8,105.3
2025-12-08,28.4,2980.4,1878.0,7560.0,2363.0,1148.2,1691.9,799.9,3461.5,168.2,829.0,2179.9,1784.0,301.9,1018.8,618.3,649.1,377.8,14010.9,262.1,121.1,677.8,2382.6,1203.4,140.3,59.0,274.6,295.5,4750.5,3520.6,887.8,329.4,45.1,102.6
2025-12-09,28.2,2986.0,1924.5,7670.8,2354.8,1108.6,1676.3,794.4,3308.0,157.5,898.7,2320.2,1749.7,283.6,981.4,611.4,650.9,360.7,13874.1,259.2,113.3,651.8,2430.1,1028.5,140.4,58.4,283.4,300.4,4823.5,3139.7,827.2,330.0,43.5,103.6
2025-12-10,26.8,2956.7,1943.4,7670.3,2236.1,1126.3,1644.5,823.6,3332.9,149.9,1023.9,2532.6,1759.8,278.3,992.0,635.2,652.9,389.9,13665.7,258.8,108.1,571.7,2642.2,1041.0,138.6,57.1,295.3,307.1,5191.6,3091.8,819.2,310.1,43.3,106.0
2025-12-11,25.6,2755.3,1822.7,7239.9,2235.2,1090.9,1570.6,820.7,3534.4,141.4,1182.1,2645.7,1715.5,268.0,1005.9,638.4,649.5,394.2,13549.4,254.3,108.5,517.1,2539.4,966.5,133.5,56.2,281.3,278.0,5224.4,3036.1,780.7,291.0,41.7,103.3
2025-12-12,27.8,2998.7,1909.8,7254.3,2357.5,1100.2,1668.3,900.9,3614.9,141.6,1290.7,2871.7,1802.7,279.0,1017.0,661.1,659.2,404.5,13848.2,241.8,117.2,498.4,2752.1,1007.6,137.0,59.1,261.5,332.1,5429.7,3257.1,843.6,322.2,40.8,105.2
2025-12-15,30.1,3103.2,1849.7,6980.5,2396.8,1089.6,1709.8,933.4,3386.3,141.4,1355.3,2974.6,1921.8,286.2,1063.9,674.3,676.1,415.7,13830.2,236.0,118.1,492.1,2768.1,1042.0,136.1,59.6,260.8,398.2,5409.1,3435.9,901.4,327.9,38.7,111.1
2025-12-16,31.0,3308.7,1827.3,7036.9,2415.4,1095.7,1743.2,967.3,3423.8,157.8,1325.9,3039.6,1982.5,322.6,1095.6,687.2,688.2,482.1,13817.3,233.3,121.5,478.1,2822.7,1029.0,133.4,70.9,261.4,447.0,5316.6,3739.2,938.3,351.1,38.5,124.3
2025-12-17,35.9,3268.9,1761.0,6841.8,2344.3,1065.4,1740.4,986.6,3347.5,161.0,1213.5,2838.2,1972.2,330.3,1049.2,648.0,688.5,482.2,13544.4,231.0,121.0,440.3,2648.0,1005.8,131.5,74.9,241.5,461.3,4968.2,4099.1,945.5,356.9,37.4,121.3
2025-12-18,38.8,3307.8,1759.0,6897.9,2279.0,1050.2,1777.7,1016.1,3163.1,189.5,1099.2,2607.3,1977.8,346.8,1101.5,615.8,693.0,480.0,13078.8,225.3,118.6,424.0,2715.6,1007.5,130.1,77.8,245.9,474.1,4744.3,4399.3,972.5,354.8,37.3,132.0
2025-12-19,41.5,3018.6,1836.7,6660.8,2269.0,1147.6,1841.1,1101.2,3155.5,234.8,1079.5,2566.9,2026.8,421.5,1169.0,605.7,754.9,483.6,13094.0,229.2,120.6,425.8,2759.8,967.2,144.8,83.8,249.0,483.0,4575.9,4581.8,1039.6,356.5,40.2,147.6
2025-12-22,42.8,3090.7,1744.9,6865.4,2228.2,1164.4,1837.3,1053.0,3274.5,246.1,1181.3,2469.1,1990.2,432.8,1166.6,579.9,750.2,488.6,13269.7,242.5,121.7,437.5,2629.8,915.8,141.0,84.5,241.8,431.0,4422.2,4568.5,1009.2,352.2,38.8,150.6
2025-12-23,41.1,3154.3,1660.6,6519.3,2202.2,1147.1,1864.3,967.8,3050.0,237.5,1285.7,2320.6,1925.4,412.3,1137.3,546.0,721.9,464.8,12847.6,251.5,122.9,410.3,2487.1,925.5,128.6,72.8,224.5,387.4,4173.8,4334.4,953.9,348.6,37.9,143.3
2025-12-24,35.0,3152.6,1608.7,6222.8,2185.1,1167.3,1858.8,877.6,3005.4,236.5,1278.5,2258.7,1881.5,397.8,1145.7,526.9,693.6,443.1,12505.1,247.5,123.0,392.4,2330.3,872.3,116.0,69.0,214.1,374.7,3908.7,3859.3,928.7,344.8,35.9,138.1
2025-12-25,30.7,2883.7,1497.9,5493.6,2122.6,1117.9,1804.5,791.4,2890.5,207.4,1202.6,2082.9,1745.3,362.7,1007.9,497.4,650.3,424.2,11827.4,242.9,124.4,365.4,2091.4,816.3,104.7,64.6,188.7,350.0,3621.6,3279.7,815.6,327.5,33.8,125.2
2025-12-26,25.5,3050.7,1233.2,4678.5,2062.6,982.3,1662.6,606.1,2792.0,158.2,1139.8,1769.2,1526.9,258.8,912.2,423.3,535.1,404.4,10889.3,225.7,115.4,339.5,1636.0,743.5,75.6,54.0,158.3,301.2,3326.3,2584.8,628.1,288.6,28.3,97.4
2025-12-29,23.6,2999.9,1257.7,4233.2,2134.6,1106.7,1587.7,595.6,2791.3,162.7,990.4,1757.1,1479.6,244.8,910.9,418.1,515.4,397.5,10533.3,203.4,146.3,326.4,1535.2,707.1,73.0,52.4,156.8,314.1,3215.9,2378.8,632.9,291.8,27.0,88.5
2025-12-30,24.5,2832.1,1333.4,4167.0,2120.1,1174.4,1494.4,595.1,2951.3,159.4,838.8,1663.9,1470.6,234.7,904.6,432.9,514.4,359.0,10322.4,188.7,144.9,320.5,1433.2,700.9,77.2,52.4,155.0,314.4,3144.3,2250.5,621.5,278.3,26.4,77.6
2026-01-05,27.4,3369.4,1466.1,4387.7,2308.2,1238.2,1571.1,655.1,2972.2,188.7,900.9,1868.2,1561.3,260.6,964.5,488.8,545.6,379.5,11345.2,191.7,156.7,343.3,1612.6,822.6,95.4,58.5,161.5,336.7,3753.4,2500.3,663.3,305.7,30.7,88.5
2026-01-06,29.0,3820.6,1677.7,4753.8,2555.5,1438.1,1641.0,764.2,3262.3,212.9,1004.0,2166.0,1815.0,304.8,1076.9,581.8,591.2,450.5,12818.7,216.1,170.1,401.0,1962.1,1110.1,124.8,62.7,190.9,374.9,4582.8,3148.8,797.8,362.0,36.3,104.2
2026-01-07,31.8,3798.8,1786.9,4793.2,2652.5,1607.3,1673.9,821.4,3501.5,294.9,1048.1,2375.8,1984.9,327.2,1111.0,704.3,613.6,477.0,14633.7,242.1,178.7,425.1,2232.1,1301.3,139.2,64.1,207.6,380.1,5411.3,3603.0,895.7,404.6,40.4,107.1
2026-01-08,31.1,3852.2,1960.1,4937.4,2705.3,1680.2,1722.0,864.5,3614.6,332.9,1083.9,2544.4,2081.8,330.3,1143.9,797.6,608.6,487.9,15277.3,257.5,154.0,511.4,2420.9,1460.6,155.0,63.2,224.9,414.0,6260.9,3789.5,881.3,417.0,43.4,122.1
2026-01-09,31.7,3854.1,1982.7,5058.1,3312.8,1788.9,1851.6,906.7,3820.0,357.3,1189.3,2756.7,2228.5,341.8,1207.1,870.2,627.1,510.7,16476.9,270.3,171.5,637.9,2731.3,1477.3,166.2,64.7,253.7,444.3,7100.0,4244.9,935.0,435.7,48.6,135.7
2026-01-13,33.2,3746.1,2024.8,5194.2,3580.5,1867.5,1912.0,959.4,3999.4,395.4,1379.8,2964.7,2378.7,350.2,1237.8,912.2,648.4,544.5,17442.2,284.8,178.0,728.1,3144.6,1408.8,170.6,65.9,275.2,494.6,7573.3,4632.4,966.5,460.9,51.0,147.2
2026-01-14,40.3,4033.6,2043.8,5226.3,3744.6,2003.1,1936.6,951.3,4101.4,483.2,1415.3,3103.8,2465.7,352.1,1224.8,991.5,668.5,536.0,17893.8,279.8,186.8,766.2,3220.0,1174.5,165.6,68.5,276.4,550.4,8061.6,4759.6,952.4,464.5,52.1,142.0
2026-01-15,42.4,4197.3,2080.2,5476.6,3893.6,1995.0,2008.2,960.7,4239.9,462.4,1443.0,3273.2,2574.8,361.4,1232.3,1031.7,695.8,547.8,17580.4,279.5,195.7,800.6,3343.7,1021.9,170.0,70.4,276.2,636.8,8190.8,5122.6,949.8,446.8,54.3,148.9
2026-01-16,43.9,4167.7,2004.1,5416.8,3923.4,2030.4,2107.3,963.9,4438.1,467.3,1451.1,3430.6,2745.4,370.4,1187.5,1094.8,738.0,562.0,18707.5,283.1,204.6,829.9,3378.5,927.9,164.1,71.9,266.5,651.5,8320.1,5427.6,942.3,574.3,54.8,136.3
2026-01-19,46.9,4334.4,2002.6,5271.6,3622.9,2011.6,2091.1,971.5,4502.0,457.0,1361.7,3515.6,2851.9,358.6,1275.8,1072.7,727.4,570.8,18638.9,280.6,191.7,847.5,3312.6,892.3,154.8,73.8,251.0,666.7,8268.6,5265.4,923.6,590.2,52.4,123.2
2026-01-20,49.9,4139.8,1935.3,5005.8,3510.2,1949.1,2051.0,912.7,4622.0,398.4,1099.3,3305.5,2865.9,335.0,1355.0,1095.0,722.0,526.7,17360.7,271.2,198.2,813.1,2957.1,824.6,141.5,67.3,232.5,630.6,7891.9,4912.7,858.2,551.9,49.4,113.8
2026-01-21,46.5,4024.8,1919.3,4878.1,3379.4,1767.0,2063.8,920.4,4844.4,308.5,1056.6,3122.7,2845.8,346.7,1385.6,1059.5,727.7,508.6,17496.5,268.3,184.8,823.8,2800.3,859.7,136.3,66.2,236.2,576.8,7443.8,4943.5,925.2,525.0,45.0,118.4
2026-01-22,45.2,4021.1,1911.9,5230.1,3180.9,1733.1,1990.7,908.3,4860.4,256.3,1096.2,2919.5,2859.8,339.8,1387.9,1006.0,706.3,471.3,18529.7,286.1,172.7,960.4,2657.6,940.2,130.6,64.5,239.2,520.4,7374.6,4531.2,932.4,508.4,41.9,114.5
2026-01-23,44.9,4065.4,1995.5,5386.7,3005.2,1537.4,1880.3,866.6,4692.3,212.4,1202.0,2640.4,2732.0,329.5,1407.2,911.6,675.1,444.5,18302.0,284.0,164.3,968.6,2625.7,931.7,127.6,62.3,239.6,486.4,7501.7,4262.8,956.0,382.3,40.4,114.0
2026-01-26,45.8,4452.4,1942.8,5597.9,2801.9,1502.2,1850.6,849.7,4747.7,220.7,1261.5,2583.8,2701.8,349.4,1356.9,918.1,685.2,426.9,18914.0,298.6,169.5,983.0,2706.8,957.3,135.1,62.7,245.0,458.6,7607.8,4315.3,1036.7,375.7,39.6,119.9
2026-01-27,48.7,4622.3,1936.5,5470.6,2537.2,1522.5,1772.3,857.3,4572.6,230.2,1278.5,2570.3,2674.7,353.9,1220.6,860.2,654.4,404.7,19613.2,300.4,172.1,987.9,2616.2,1036.2,136.7,66.8,248.1,430.3,7476.6,4227.7,1049.8,373.4,38.2,111.7
2026-01-28,47.7,4676.8,1912.1,5829.0,2380.2,1556.7,1710.2,836.3,4818.6,256.3,1246.4,2555.8,2892.9,325.0,1215.6,851.8,632.0,374.4,20247.8,321.1,168.9,982.8,2665.7,1099.3,137.8,66.0,244.3,418.1,7411.5,3814.0,976.2,373.4,38.8,108.1
2026-01-29,46.6,4937.3,1903.1,5526.7,2405.1,1715.1,1754.6,862.4,4938.9,299.7,1175.9,2613.1,2926.9,334.2,1228.3,846.4,636.1,377.5,21010.5,312.1,219.6,860.8,2668.6,1036.4,146.9,70.5,239.8,381.7,7431.0,3884.8,950.1,389.2,40.2,110.0
2026-01-30,47.8,5505.0,1972.7,5743.2,2446.8,1836.9,1840.2,916.4,5512.2,353.9,1097.1,2729.3,3042.5,344.3,1245.1,902.0,659.0,401.2,22655.6,337.5,266.3,790.6,2664.9,1097.0,169.9,76.1,248.1,371.6,6887.6,3981.4,950.9,511.6,40.3,120.7
2026-02-02,46.5,5804.2,2110.8,5850.0,2491.1,1903.1,1861.8,931.0,6015.1,376.7,1181.7,2735.1,3160.1,351.5,1246.9,945.2,684.8,467.4,24559.0,353.4,318.8,727.3,2621.2,1139.3,177.3,78.6,238.4,394.2,6863.3,4128.9,900.4,548.8,45.0,152.2
2026-02-03,38.7,6212.4,2203.7,6020.9,2600.3,1918.3,1958.6,951.6,6581.8,368.9,1289.3,2824.3,3186.0,367.1,1319.9,1031.5,783.1,498.8,25619.2,363.4,341.1,769.8,2891.3,1120.9,187.5,82.0,247.2,404.5,7058.6,4425.8,922.6,583.9,48.5,174.4
2026-02-04,37.7,6221.5,2185.6,6083.0,2645.2,1920.0,2230.2,955.8,6886.4,370.5,1817.1,3084.7,3187.1,393.0,1314.0,1027.8,848.1,551.4,25911.8,350.8,467.3,827.4,3036.9,1019.4,198.5,87.3,252.0,436.8,7384.5,4872.1,904.8,663.6,51.1,190.5
2026-02-05,37.5,6219.2,2322.6,6152.6,2703.0,1871.0,2365.7,976.7,7136.0,353.0,2070.7,3296.8,3427.1,396.8,1341.4,1034.9,910.0,574.9,25627.4,343.5,467.1,918.2,3243.7,1015.6,201.5,91.4,260.2,529.1,7561.7,5196.0,915.9,728.2,51.7,219.3
2026-02-06,48.7,6115.8,2195.5,5998.8,2848.6,2064.1,2452.4,952.4,6764.0,333.0,2334.0,3375.2,3549.6,401.2,1463.4,1082.1,912.2,587.9,24810.1,316.2,450.1,1064.2,3690.1,1006.3,191.6,104.0,261.4,583.5,7972.9,5474.9,898.6,637.4,52.6,227.1
2026-02-09,54.1,6216.0,2174.5,6327.5,3218.5,2341.0,2611.9,1045.7,7644.1,337.0,2415.0,3570.6,3744.7,430.6,1565.5,1206.0,937.3,560.9,24852.9,312.6,407.2,1183.8,4536.4,967.5,203.9,111.1,284.1,622.9,8783.0,5802.7,927.3,630.1,54.9,212.4
2026-02-10,62.0,6088.3,2114.4,6954.5,3296.7,2544.0,2738.8,1112.3,8287.0,378.1,2537.4,3712.9,3939.6,505.2,1621.7,1209.0,893.1,566.9,24530.5,323.9,438.1,1255.8,4863.8,943.0,219.8,114.4,282.9,648.4,10280.2,6197.8,946.0,608.5,56.1,198.9
2026-02-12,66.2,5963.2,2146.1,7134.5,3460.6,2890.6,2725.0,1277.1,8557.2,471.2,2317.6,3832.2,4288.5,552.9,1704.1,1273.8,958.9,563.2,24454.1,380.9,439.1,1345.7,5095.9,1009.9,248.3,113.9,333.6,675.9,10799.3,6329.5,998.2,580.1,57.5,194.9
2026-02-13,71.1,5900.6,2150.3,7532.1,3705.8,3059.0,2940.4,1387.5,9038.2,584.7,2435.5,3823.4,4315.5,590.7,1820.6,1388.3,978.4,584.6,25680.0,413.9,532.7,1369.8,5329.8,1076.9,283.8,113.8,405.5,686.8,11161.6,6247.3,1131.9,538.5,58.9,179.8
2026-02-16,61.6,5410.3,2123.9,7581.7,3681.4,2994.0,2967.7,1419.3,9075.7,594.3,2322.1,4114.0,4280.4,635.8,1744.0,1416.5,996.4,565.6,24548.8,449.9,518.8,1295.7,4952.2,1067.1,283.3,107.0,499.0,661.2,10869.3,6182.8,1199.0,499.7,62.1,176.9
2026-02-17,53.3,4581.9,2211.2,7135.0,3262.1,2752.2,2910.3,1311.2,7658.3,613.4,2189.7,4102.8,3995.6,602.3,1590.5,1304.7,952.8,540.5,22216.7,453.0,514.9,1253.7,4086.1,1073.7,268.9,96.3,548.8,597.5,9939.8,5748.0,1183.6,453.1,57.6,164.5
2026-02-18,45.4,4066.4,2316.8,6399.7,3171.8,2624.1,2771.2,1203.3,6685.0,614.4,2022.7,4062.8,3828.0,534.4,1482.1,1301.8,946.3,525.4,21272.4,462.0,469.6,1237.5,3574.6,1111.1,251.5,89.4,567.6,572.5,8530.4,5133.3,1213.8,450.3,54.5,170.8
2026-02-19,41.6,3884.9,2414.0,5921.6,3038.3,2298.9,2575.0,1064.3,5971.3,542.6,1780.2,3842.3,3349.9,491.8,1347.2,1313.0,848.4,491.7,20494.2,422.5,445.0,1143.3,3144.2,1085.6,214.0,89.2,629.6,527.9,7979.4,4713.9,1198.9,468.6,51.9,166.6
2026-02-20,38.8,3565.7,2666.3,5149.1,2713.8,2080.1,2192.3,929.0,5424.3,456.9,1396.1,3806.3,3053.6,470.1,1169.6,1254.5,803.3,489.4,17954.4,394.9,342.3,1070.3,2863.9,1047.6,174.7,85.5,617.9,440.8,7667.7,4404.5,1094.7,488.1,50.1,171.5
2026-02-24,38.4,3665.2,2766.6,4998.9,2696.8,2040.3,2120.0,930.8,6426.4,450.9,1333.7,3538.4,3077.2,446.7,1141.6,1262.5,794.5,526.5,19245.5,376.4,404.3,1307.8,2940.5,1001.9,181.7,84.2,554.2,420.9,8315.8,4301.2,1098.6,558.3,48.6,172.3
2026-02-25,39.1,4050.7,2680.8,5056.0,2850.8,1995.7,2096.1,1021.3,7909.3,420.7,1336.1,3483.9,3232.9,473.5,1185.7,1325.7,819.3,538.4,20989.7,372.8,545.1,1534.3,3012.0,977.7,196.7,87.6,509.6,566.3,8927.1,4585.9,1106.8,596.2,52.4,180.2
2026-02-26,40.8,4296.7,2621.4,5275.4,2924.5,1958.0,2218.6,1121.0,9665.9,397.8,1465.5,3389.0,3329.2,484.0,1235.9,1384.6,813.8,563.1,22389.8,376.3,628.6,1667.2,3064.2,907.4,200.7,88.4,548.4,616.9,9090.3,4801.8,1110.2,693.2,54.6,177.5
2026-02-27,42.0,4402.8,2707.7,5593.9,3016.6,2343.9,2383.2,1188.6,10678.0,389.1,1804.8,3687.7,3505.0,535.2,1365.9,1503.4,1047.4,597.2,23211.0,383.7,706.1,1758.7,3362.5,907.8,235.4,90.7,474.6,688.2,9201.4,5259.3,1176.1,728.7,57.9,185.9
2026-03-02,42.4,5032.8,2357.2,5681.1,3040.4,2350.1,2398.5,1198.4,11880.6,546.4,1970.8,3757.7,3656.8,556.2,1413.2,1487.7,1057.7,616.9,23117.4,395.2,815.7,1833.6,3551.2,908.5,286.1,93.4,462.3,727.9,9072.9,5803.6,1174.3,987.6,62.1,231.5
2026-03-03,45.0,5687.2,2382.6,5569.7,3111.0,2293.7,2420.8,1225.2,12910.6,643.3,1955.5,3967.6,3919.0,565.5,1434.1,1419.2,1088.5,635.5,23443.9,422.0,861.9,1746.0,3853.0,963.6,319.1,98.5,472.3,771.1,8792.0,6090.2,1167.6,1084.0,68.5,274.6
2026-03-04,49.7,6627.5,2401.8,5819.4,3163.0,2439.1,2513.3,1237.2,13378.2,735.3,2082.1,4254.7,4106.2,603.6,1512.4,1408.4,1150.4,716.4,23931.3,453.2,821.3,1607.9,4138.5,1056.7,342.1,106.9,507.1,713.7,8819.3,6433.5,1248.4,1193.2,71.1,304.8
2026-03-05,50.1,7018.0,2406.8,5815.5,3089.2,2474.6,2454.7,1216.0,13022.2,855.0,2038.1,4442.3,4267.9,641.3,1547.0,1368.9,1181.2,738.9,23809.2,447.0,793.7,1560.3,4323.7,1128.9,377.1,112.3,495.4,699.0,8800.5,6704.0,1276.9,1204.1,74.0,334.4
2026-03-06,47.9,7219.8,2294.9,5436.1,3159.7,2045.6,2275.2,1136.9,12860.1,887.8,1698.3,4127.0,4045.1,597.7,1468.5,1198.8,946.8,711.0,22848.4,425.6,647.8,1480.0,4124.9,1096.3,368.3,105.6,472.9,623.9,8444.7,6230.5,1174.1,1161.2,72.6,336.4
2026-03-09,49.3,7613.3,2334.9,5728.5,3340.3,2081.6,2384.2,1179.0,12468.4,1002.9,1671.4,4220.5,4209.2,605.6,1523.9,1229.1,985.2,701.3,24373.1,435.3,547.5,1539.5,4018.5,1155.1,359.9,113.6,474.9,654.5,8618.3,6128.5,1240.9,998.9,71.4,332.4
2026-03-10,45.0,7286.4,2205.3,5804.7,3253.3,1999.0,2343.3,1146.0,11058.5,961.0,1818.0,4005.7,3928.4,600.3,1502.7,1222.4,962.0,665.6,23556.5,425.3,464.8,1434.6,3655.1,1106.0,345.2,103.3,460.6,609.3,8426.0,5810.1,1201.1,922.9,65.6,309.2
2026-03-11,39.6,6168.4,2090.7,5579.6,3081.2,1764.2,2167.5,1067.9,10119.8,900.5,2189.2,3568.5,3604.2,541.9,1380.8,1171.4,874.8,569.4,22322.3,423.5,387.8,1320.3,3202.8,994.5,313.9,92.9,429.6,536.4,7712.5,5023.7,1081.3,893.8,57.3,289.3
2026-03-12,38.4,5781.4,2050.7,5471.2,3076.9,1627.6,2084.7,1070.4,9509.2,859.3,2350.7,3315.9,3430.8,493.1,1320.7,1129.2,844.9,528.6,21700.5,509.6,328.1,1172.3,3011.9,961.8,291.1,87.9,391.0,515.5,7400.1,4683.2,1005.8,868.0,52.5,264.6
2026-03-13,39.5,5687.6,1984.5,5421.7,2902.8,1626.2,2104.8,1110.1,9648.0,905.9,2547.2,3419.9,3565.7,498.2,1313.9,1149.6,847.4,540.5,21774.7,571.2,321.4,1134.5,3159.8,995.7,284.9,89.5,393.5,517.7,7327.1,4761.6,1040.0,885.3,53.7,269.9
2026-03-16,37.3,4776.4,1871.2,4890.1,2565.9,1487.9,1932.0,1028.5,9465.0,672.6,2601.0,3120.0,3255.5,438.1,1204.7,1077.8,767.6,499.2,20407.1,564.5,279.2,986.7,2896.2,890.9,246.2,75.3,354.5,446.5,6581.7,4154.0,929.3,812.0,50.8,229.6
2026-03-17,36.6,4303.7,1847.4,4545.7,2369.6,1435.7,1784.2,961.6,9327.7,697.6,2452.0,3011.4,3055.0,394.1,1127.1,1006.4,727.5,469.2,20340.1,543.1,244.0,885.7,2701.1,849.3,220.8,68.2,333.0,419.1,6186.1,3721.6,861.6,920.3,47.8,213.7
2026-03-18,37.3,4151.6,1825.4,4242.8,2269.9,1469.2,1704.2,956.9,8709.2,743.4,2016.1,3214.8,2976.2,378.6,1116.2,981.9,743.9,472.4,20373.5,524.5,238.7,813.6,2695.5,969.5,232.2,65.2,332.6,406.7,6052.1,3672.4,855.7,1211.0,47.6,229.9
2026-03-19,39.4,4289.0,1921.3,4288.6,2343.4,1678.2,1781.7,963.8,8599.3,798.6,1884.2,3678.3,3055.0,407.0,1224.4,1018.4,802.0,502.1,20746.0,457.1,252.8,834.3,2832.0,1133.9,278.7,81.4,362.5,428.9,6288.3,3557.9,944.6,1488.5,54.3,245.1
2026-03-23,40.9,4750.3,1952.8,4335.4,2370.8,1766.2,1793.2,973.1,8073.6,823.2,1758.4,3707.1,3097.8,408.4,1306.8,1004.7,832.2,517.4,20940.0,422.4,256.4,847.9,2746.6,1157.2,285.0,92.0,375.1,450.4,6520.8,3526.2,950.6,1613.0,61.2,240.5
2026-03-24,37.4,4821.4,1947.5,4337.9,2412.2,1800.0,1768.2,985.4,7805.9,847.0,1687.7,3698.8,3056.2,421.6,1348.2,998.2,852.4,503.6,21404.2,410.8,256.2,823.7,2726.4,1171.0,287.3,95.0,378.2,436.4,6702.1,3522.0,973.3,1643.2,64.2,237.4
2026-03-25,38.0,5097.7,1942.2,4625.3,2502.9,1874.4,1792.4,1027.2,7843.3,828.2,1683.6,3713.0,3087.2,448.8,1393.9,1038.1,910.8,522.6,21200.2,415.7,267.7,843.8,2814.0,1223.6,292.1,101.0,369.3,460.5,6752.6,3832.2,1534.8,1535.2,67.8,240.5
2026-03-26,39.3,5081.4,1941.6,4889.9,2504.2,1828.9,1793.4,1011.5,8484.7,796.5,1579.5,3464.0,3056.8,460.1,1409.0,1062.1,936.4,525.6,20705.2,408.6,271.8,880.8,2819.6,1082.4,277.4,108.2,340.9,461.3,6599.1,3789.2,1854.2,1228.5,68.9,204.4
2026-03-27,42.4,4877.2,1886.9,5033.9,2496.7,1664.8,1765.1,1011.5,8718.9,775.4,1507.2,3220.7,2924.4,459.4,1347.2,1076.9,1032.5,557.9,20297.6,414.2,262.4,829.5,2688.3,933.4,247.8,96.6,309.1,443.1,6284.0,3948.7,1926.1,990.2,70.7,187.3
2026-03-30,43.0,4621.8,1875.3,5189.2,2590.0,1636.8,1742.5,981.3,8597.0,837.2,1492.7,3319.4,2833.9,454.7,1338.3,1099.8,1112.4,565.6,20199.0,421.1,259.1,816.5,2764.4,923.5,287.0,90.3,287.8,437.7,6045.3,3986.5,2057.9,881.7,66.3,181.0
2026-03-31,45.7,4921.3,1932.1,5400.6,2705.9,1697.7,1812.4,1010.9,9208.2,864.6,1407.1,3514.5,3005.1,464.9,1386.3,1132.5,1162.2,585.6,21108.5,447.8,266.8,832.5,2852.9,972.5,325.1,89.6,280.9,444.0,6136.8,4140.8,2189.1,887.8,65.5,180.1
2026-04-01,46.4,5008.2,1967.6,5404.7,2761.4,1647.7,1924.2,999.7,9238.0,892.9,1356.8,3561.0,3085.6,458.1,1430.3,1158.8,1147.0,577.5,21212.4,456.2,264.5,803.5,2918.7,1006.0,344.9,92.6,292.7,430.3,6240.1,4392.9,1778.9,993.3,69.8,171.9
2026-04-02,45.5,5557.1,2031.9,5476.5,2813.5,1693.9,2007.6,1008.4,9302.3,1128.4,1407.7,3626.4,3175.0,456.1,1457.0,1176.7,1128.6,575.2,22191.9,441.8,257.6,807.3,2994.4,1066.0,369.2,87.5,306.2,424.0,6768.1,4603.3,1528.9,1036.3,75.5,193.7
2026-04-03,38.3,5268.6,1818.5,4965.5,2607.6,1608.7,1849.5,883.1,9148.4,1088.5,1290.7,3193.8,2943.3,389.9,1348.1,1052.6,919.6,473.9,21078.3,391.3,235.1,761.1,2770.2,1012.2,330.6,78.3,290.3,378.6,6408.1,4057.5,1293.8,976.9,68.6,183.4
2026-04-06,32.9,4894.1,1629.5,4402.6,2370.0,1450.9,1727.8,808.1,9358.0,966.5,1138.2,2737.6,2678.9,338.7,1199.1,949.8,736.8,394.2,20300.5,335.1,213.2,701.4,2393.3,935.2,268.6,69.2,268.9,326.7,5976.0,3627.1,1108.9,976.7,61.9,170.5
2026-04-07,32.2,4353.8,1497.6,4291.5,2256.5,1310.3,1646.5,727.7,8678.9,888.2,1056.5,2404.5,2367.6,306.0,1093.2,885.0,639.0,351.5,18713.8,285.7,201.7,681.9,2239.4,859.2,237.5,65.2,248.7,293.6,5651.2,3341.0,944.5,938.5,56.9,158.5
2026-04-08,37.5,4703.4,1497.4,4365.4,2399.9,1391.8,1622.3,822.6,9457.1,935.9,1161.1,2503.9,2649.3,331.3,1108.3,913.6,652.1,367.3,20942.9,280.9,206.9,810.1,2341.5,839.4,260.1,65.2,281.3,318.5,6009.4,3370.6,918.5,999.5,51.8,188.9
2026-04-09,38.7,4227.7,1466.2,4155.8,2688.8,1459.1,1616.7,866.2,10156.5,695.8,1158.5,2492.6,2690.1,347.6,1105.9,874.6,658.0,362.1,21487.0,287.6,191.6,881.4,2313.7,818.3,262.3,64.3,272.8,317.3,5701.5,3289.1,922.7,950.3,45.9,181.0
2026-04-10,41.2,4533.6,1592.9,4559.8,3287.8,1520.6,1771.8,902.6,11185.9,648.5,1323.0,2666.0,2830.6,379.3,1155.3,945.8,689.6,378.8,24691.4,309.8,251.8,1032.6,2425.2,920.6,285.9,67.3,283.4,321.6,6135.7,3541.7,1001.0,960.8,43.2,184.2
2026-04-13,42.3,4486.4,1643.3,4749.9,3533.7,1568.9,1866.1,920.1,12010.3,628.2,1412.5,2699.2,2916.0,394.6,1193.9,970.0,725.7,383.7,26199.2,385.8,388.4,1298.7,2464.5,951.5,286.5,69.8,297.8,323.1,6360.8,3659.9,1018.3,920.9,44.2,193.9
2026-04-14,42.4,4672.1,1664.0,5266.0,3693.3,1641.5,1934.5,997.4,12815.8,612.2,1491.4,2777.0,3018.4,416.7,1218.5,990.9,764.5,388.7,29175.1,440.5,507.4,1419.8,2486.8,973.0,276.3,70.6,302.8,333.8,6537.6,3833.1,1035.6,897.6,46.4,194.2
2026-04-15,36.1,4168.9,1624.1,5785.8,3621.5,1577.8,1901.7,913.6,13227.9,513.4,1433.9,2611.1,2778.9,390.1,1137.8,951.0,742.2,370.8,29549.6,475.7,745.5,1446.3,2324.9,950.8,232.8,70.0,264.8,298.0,6313.9,3573.7,983.6,706.0,45.5,171.8
2026-04-16,34.4,4503.9,1588.3,6569.3,3444.8,1500.8,1980.6,864.7,12588.6,488.2,1434.5,2540.7,2688.8,371.1,1109.3,971.6,712.3,389.2,30762.4,540.0,852.4,1456.8,2394.4,921.0,209.1,73.9,264.0,284.4,6517.1,3573.8,940.4,645.5,44.3,166.1
2026-04-17,33.0,4322.5,1575.9,6635.1,2959.4,1506.9,1955.8,874.3,11435.0,493.1,1382.3,2472.5,2685.7,360.1,1055.9,954.2,708.2,389.5,30242.6,597.6,1014.5,1438.5,2316.7,832.2,199.4,75.3,260.8,283.2,6391.9,3659.5,958.4,573.6,44.0,175.9
2026-04-20,34.0,4285.8,1636.5,6999.7,2729.0,1505.9,1924.6,855.4,10334.8,492.6,1330.7,2423.7,2693.0,365.0,1019.4,971.3,710.0,387.6,30218.5,575.1,989.8,1225.0,2344.4,818.5,200.4,79.9,250.9,299.7,6486.1,3625.5,977.9,554.6,44.4,172.4
2026-04-21,34.1,4156.6,1731.7,7239.5,2609.9,1454.9,1932.9,778.0,9550.7,483.4,1241.5,2336.4,2694.5,364.7,989.3,1007.1,708.5,383.8,28137.4,591.6,900.5,1185.9,2382.6,807.9,198.6,85.8,256.2,311.5,6353.6,3610.1,990.3,504.9,44.2,175.9
2026-04-22,36.7,4102.8,1854.8,8013.7,2539.1,1390.1,1953.9,745.7,8163.8,447.6,1151.2,2272.8,2612.5,356.4,997.3,1055.3,698.6,352.8,26656.3,596.7,812.6,1116.2,2372.0,820.9,196.2,83.5,253.9,317.4,6321.7,3472.9,967.9,437.9,42.1,166.9
2026-04-23,37.6,4143.7,1879.3,8632.8,2525.5,1348.2,1956.0,754.5,7883.0,479.8,1107.4,2296.8,2670.8,352.2,1045.3,1094.6,725.9,324.9,26440.8,589.6,832.9,1133.8,2357.0,858.3,201.0,86.9,252.1,337.3,6701.3,3465.9,1091.1,406.7,44.0,186.3
2026-04-24,37.7,4199.0,1947.1,9169.9,2522.7,1290.2,1981.2,732.1,7434.2,479.2,1146.8,2294.1,2710.3,342.1,1130.6,1096.1,716.8,327.2,26416.6,551.7,687.8,1114.1,2456.9,838.7,192.9,85.9,240.3,359.9,6832.3,3205.8,1084.8,404.5,44.8,178.7
2026-04-27,37.9,4690.1,2133.5,9892.0,2673.4,1321.9,1998.8,782.3,7562.7,438.2,1218.8,2382.4,2754.2,336.7,1215.9,1129.9,721.9,388.1,27920.3,574.6,641.3,1141.4,2506.9,801.8,186.0,95.3,250.9,373.7,7134.4,3257.5,1088.8,411.2,45.1,178.0
2026-04-28,37.5,4810.9,2216.9,9984.0,2749.2,1623.6,2109.5,834.0,7743.2,417.0,1292.1,2531.1,2813.0,439.6,1328.7,1119.9,782.8,469.2,29926.9,563.8,678.6,1108.2,2649.5,858.4,183.6,101.4,259.1,388.1,7639.2,3674.1,1157.0,465.1,48.3,193.2
2026-04-30,37.5,4973.2,2258.2,9328.5,2894.6,1848.0,2225.1,940.3,7641.8,434.7,1427.8,2808.3,3083.6,485.9,1446.3,1251.4,926.8,549.9,31730.8,680.5,593.0,1152.1,2832.3,933.4,211.0,107.6,269.8,417.1,7861.7,3855.6,1222.0,580.2,52.4,229.9
2026-05-01,36.3,4407.4,2250.6,8297.6,2773.7,1850.7,2099.2,913.0,6874.6,364.3,1471.4,3872.5,3092.2,490.6,1466.2,1207.8,1022.0,577.0,30802.9,671.2,503.6,1155.4,2732.6,975.5,203.7,103.1,268.4,411.5,7241.9,3703.7,1053.9,585.2,55.8,231.5
2026-05-07,38.3,5018.6,2377.7,8901.1,3082.0,2010.1,2209.0,1036.0,7710.9,390.2,1606.5,4956.6,3578.0,562.2,1570.5,1447.6,1145.7,653.0,30832.7,674.2,507.4,1325.8,2975.2,1095.3,229.0,112.0,305.2,451.1,7928.9,4305.3,1129.3,631.1,61.9,281.7
2026-05-08,40.2,4772.3,2330.5,8803.6,3339.2,2109.1,2328.2,1048.1,7889.8,393.9,1783.0,5298.3,3807.9,604.8,1690.1,1525.4,1226.1,638.8,32975.5,893.4,506.1,1504.6,3415.1,1183.8,247.1,104.1,306.0,493.3,8264.4,4537.8,1155.3,624.1,65.7,299.0
2026-05-11,40.8,4693.1,2243.5,8883.4,3444.0,1940.9,2255.2,1037.8,8197.1,391.8,2175.9,5420.4,4211.0,561.5,1891.3,1591.0,1207.0,566.7,34499.3,1028.1,477.5,1650.5,3453.5,1161.8,246.4,98.1,290.9,570.0,8180.0,4226.0,1074.7,651.5,64.9,293.5
2026-05-12,40.0,4589.3,2028.1,8634.0,3423.3,2046.6,2153.7,969.1,10307.8,349.3,2290.9,5279.3,4304.5,627.6,1874.2,1485.9,1099.4,497.4,34541.8,1007.0,413.7,1788.8,3517.5,1062.1,230.0,93.2,277.4,573.4,8334.8,4075.5,1057.4,578.7,65.2,254.9
2026-05-13,41.5,4716.9,2110.7,8614.3,3564.9,2274.7,2284.1,982.3,12979.2,387.8,2492.6,4412.2,4774.8,668.1,1930.7,1652.6,1014.9,458.5,35953.8,1145.3,429.9,1905.1,3786.0,994.6,252.0,96.0,278.0,594.7,8728.9,4261.9,1117.6,588.5,64.0,232.0
2026-05-14,51.4,4243.5,1968.5,8010.4,3365.5,2410.6,2276.3,1013.7,14083.6,350.7,2460.4,3471.1,4828.4,637.2,1855.9,1567.1,954.6,378.7,39788.1,1246.7,379.9,1887.0,3860.4,876.4,274.8,100.8,275.3,592.5,8581.1,4004.0,1040.1,565.9,60.8,178.1
2026-05-15,57.6,4426.2,1858.0,7905.9,3108.1,2478.0,2339.8,1075.8,15632.1,345.3,2462.6,3309.8,5046.7,642.1,1810.4,1585.0,994.4,347.1,39281.4,1081.4,327.3,1815.3,3939.4,818.3,287.2,116.1,391.8,580.9,8556.5,4149.7,1104.5,536.3,65.1,157.9
2026-05-18,60.1,4666.3,1787.7,7346.8,3013.7,2503.0,2768.9,1155.4,16243.0,347.9,2101.9,3170.9,4900.0,660.8,1581.8,1606.1,1014.8,335.5,34796.3,1008.4,355.9,1719.8,3942.5,792.5,302.7,127.1,438.7,508.9,8463.2,4655.4,1176.2,474.3,66.5,149.1
2026-05-19,63.9,4626.0,1820.8,7260.6,2993.5,2242.0,3129.6,1202.0,15329.5,349.3,2018.0,3080.7,4773.0,608.3,1577.4,1648.1,1013.1,326.9,36434.3,912.0,368.8,1540.0,3703.3,776.6,297.9,134.4,459.3,497.8,7922.8,5111.0,1264.2,447.4,65.6,147.1
2026-05-20,64.8,4905.1,1764.9,7599.0,2979.3,2139.6,3262.3,1298.3,14242.3,331.5,1879.4,2928.8,4476.2,634.5,1497.2,1546.6,1028.5,336.2,36478.7,789.8,318.4,1370.1,3473.2,783.0,279.0,136.2,475.5,501.9,7549.6,5505.8,1356.7,451.3,66.9,146.9
2026-05-21,54.8,4978.5,1649.7,7475.5,2817.9,1909.3,3175.2,1218.5,13051.3,306.1,1730.1,2774.5,4094.6,671.5,1431.1,1415.0,1012.1,337.8,37234.9,709.0,295.6,1195.2,3124.2,755.1,231.6,126.9,452.3,456.5,6939.4,5901.0,1575.2,429.3,69.1,149.9
2026-05-22,47.4,4834.9,1580.6,7978.8,2742.3,1737.8,3074.8,1201.9,11810.9,284.8,1586.3,2589.5,3814.5,675.5,1330.5,1326.5,939.7,331.8,36107.8,634.2,306.4,1221.9,2690.1,715.9,207.0,111.3,332.7,413.0,6287.4,5920.3,1577.8,421.6,65.9,145.4
2026-05-25,48.6,4942.0,1557.9,8870.9,2694.8,1641.3,2782.3,1156.3,10899.0,285.7,1545.4,2525.4,3760.7,625.6,1324.3,1268.6,887.9,340.3,41784.5,582.3,289.3,1290.3,2576.7,671.9,191.0,99.9,305.5,397.0,6036.0,5501.8,1554.2,393.5,66.5,166.4
2026-05-26,45.6,4970.1,1519.1,10017.1,2536.4,1662.5,2519.7,1131.1,10459.5,276.2,1404.6,2487.0,3675.7,601.2,1241.4,1150.0,878.7,336.8,41267.2,565.6,271.7,1362.8,2610.6,650.1,176.7,92.0,295.2,364.9,6034.6,5132.3,1458.0,382.1,67.5,169.6
2026-05-27,49.9,4917.6,1468.6,10917.0,2558.3,1547.6,2535.1,1086.7,9805.0,252.2,1343.2,2465.5,3723.0,585.9,1230.0,1129.9,883.6,337.2,44752.9,526.6,288.8,1466.9,2672.9,639.5,165.8,93.1,293.5,350.4,6001.7,4792.9,1385.9,362.3,66.7,171.1
2026-05-28,52.3,5028.2,1492.2,11293.8,2652.7,1525.3,2848.5,1050.5,9644.9,256.8,1386.8,2898.7,3797.5,555.3,1246.1,1160.9,897.8,352.7,44609.8,533.5,285.8,1518.5,2787.9,722.2,180.8,95.2,296.3,355.0,5864.6,4490.9,1191.1,367.9,67.7,171.0
2026-05-29,53.1,5154.5,1823.8,11741.9,3314.0,1685.5,3414.9,1187.0,10280.5,315.6,1531.1,3574.0,4787.8,672.4,1510.9,1428.9,1153.5,448.8,50850.1,665.6,300.5,1510.3,3224.4,849.1,230.9,101.6,366.0,422.0,6353.9,4844.9,1621.4,438.8,68.6,266.5
2026-06-01,50.2,5076.9,1901.2,12190.4,3373.2,1676.2,3475.7,1194.4,10011.8,314.7,1541.4,3766.7,4869.8,691.1,1567.8,1459.1,1211.9,458.6,53328.5,786.4,256.9,1526.4,3368.6,870.8,240.0,109.0,351.9,470.3,6337.6,4770.0,1635.4,473.4,68.0,248.7
2026-06-02,50.0,5458.1,1936.8,12792.9,3504.8,1653.7,3561.9,1211.7,9492.6,332.4,1599.7,3836.2,4998.3,702.6,1638.1,1525.1,1226.7,502.5,57241.6,868.3,251.0,1612.9,3520.9,888.3,252.3,114.5,346.6,520.0,6474.0,4778.7,1646.7,500.9,71.2,252.5
2026-06-03,44.1,5895.5,1926.6,12277.6,3442.4,1671.4,3478.2,1160.1,9585.8,338.8,1617.1,3824.8,4985.9,716.3,1621.5,1514.3,1226.9,520.7,59630.5,964.0,232.4,1619.1,3652.9,882.7,269.3,115.3,338.1,520.5,6623.6,4924.7,1623.5,507.2,69.3,249.7
2026-06-04,39.2,5853.8,1934.4,12345.1,3423.8,1668.0,3145.8,1166.2,9027.2,315.8,1527.1,3377.2,4847.6,713.7,1586.7,1501.0,1219.5,502.7,59498.5,977.5,224.0,1664.7,3604.1,816.8,254.0,110.9,329.3,515.6,6802.3,5055.7,1599.5,520.0,65.3,249.1
2026-06-05,36.5,5840.4,1602.5,11391.2,2712.5,1470.4,2548.2,946.9,7595.4,244.7,1361.7,2628.2,3733.3,591.3,1320.7,1225.9,966.6,420.5,56602.7,896.9,188.2,1617.2,3084.7,694.9,201.0,105.9,250.5,445.8,6257.5,4623.8,1086.8,504.1,61.0,156.4
2026-06-08,34.8,6303.2,1575.9,10468.5,2697.3,1446.3,2407.8,929.3,7315.0,226.7,1440.0,2480.7,3648.3,585.4,1294.3,1229.1,950.2,431.7,56378.4,831.6,183.7,1607.3,2968.4,685.5,197.5,103.8,262.6,433.1,6352.1,4794.5,1122.8,517.7,61.8,155.8
2026-06-09,33.0,6352.6,1560.4,8965.9,2651.4,1424.8,2276.2,895.9,7204.0,204.1,1430.6,2361.6,3494.8,573.7,1275.4,1175.9,956.2,425.4,55503.4,801.0,176.2,1480.5,2864.5,685.1,201.7,106.3,261.7,403.0,6080.0,5043.9,1213.2,555.0,58.6,149.0
2026-06-10,32.0,6075.7,1542.0,8451.3,2605.8,1410.6,2233.9,974.4,6555.7,196.9,1537.1,2335.0,3350.3,532.5,1312.5,1150.2,959.8,405.4,54972.8,768.8,166.0,1383.6,2711.9,644.5,195.9,112.1,270.7,393.7,5787.6,5343.5,1281.8,579.9,60.9,143.6
2026-06-11,32.5,6304.5,1495.5,7884.2,2630.1,1380.0,2226.9,1034.7,6466.6,211.1,1564.1,2345.5,3333.8,524.2,1426.2,1124.2,983.3,402.8,57685.0,789.6,165.0,1306.3,2764.7,647.6,195.3,115.3,292.0,397.2,5527.5,5287.8,1322.1,571.8,60.6,140.7
2026-06-12,34.0,6661.9,1520.2,7950.0,2826.5,1425.0,2377.3,1091.7,6673.8,228.6,1578.5,2536.6,3565.8,544.0,1598.4,1211.1,986.2,410.9,60970.0,815.7,179.3,1285.9,2864.8,658.6,210.1,115.9,327.8,431.9,5900.5,5643.7,1418.2,543.2,60.3,150.7
2026-06-15,32.3,6612.7,1440.9,7945.0,2749.4,1520.2,2308.3,1111.9,6567.9,247.8,1454.7,2511.1,3548.3,528.0,1597.2,1154.3,959.5,405.1,61552.5,844.3,180.2,1213.6,2824.4,652.2,205.6,112.9,349.0,424.7,6346.8,5847.7,1358.8,540.2,55.7,180.9
2026-06-16,30.9,6507.7,1354.2,7874.0,2739.8,1509.1,2231.1,1131.9,6997.2,263.8,1423.7,2478.1,3517.6,517.7,1538.3,1155.2,934.3,370.8,63816.5,864.2,174.3,1258.8,2712.3,616.7,194.2,103.6,351.9,415.5,6519.7,5708.7,1232.1,492.0,51.1,192.1
2026-06-17,30.4,6391.2,1307.6,7671.8,2721.9,1490.9,2108.0,1061.7,6967.1,279.1,1253.8,2366.5,3430.2,516.4,1528.8,1180.9,894.4,380.2,63133.7,819.2,180.9,1254.2,2738.7,611.9,185.3,95.4,338.8,402.0,6775.0,5376.9,1144.9,481.0,47.6,200.8
2026-06-18,30.2,6503.2,1310.5,7821.6,2705.0,1509.1,2091.0,1005.5,7179.6,274.7,1223.4,2327.8,3437.1,539.4,1510.8,1203.4,865.8,398.2,63754.1,830.6,193.2,1340.4,2737.3,582.2,195.4,97.8,329.5,391.7,7155.2,5425.7,1112.9,503.1,49.4,200.9
2026-06-19,30.6,6400.4,1368.3,8146.9,2795.1,1594.6,2048.2,1032.9,7119.5,282.7,1226.4,2467.3,3490.3,571.6,1502.0,1183.9,964.2,411.1,65338.6,821.2,191.0,1402.9,2791.8,595.9,236.6,110.7,334.9,378.8,7182.6,5498.9,1096.6,518.8,61.5,193.2
2026-06-22,31.2,6273.6,1326.7,7709.9,2820.5,1460.6,1995.4,969.6,7851.4,252.4,1238.5,2305.7,3352.6,558.7,1528.5,1172.1,934.9,389.4,63994.1,734.2,204.3,1422.0,2654.5,597.4,229.6,108.1,293.4,357.5,6498.0,5046.8,1031.9,481.9,65.2,154.7
2026-06-23,34.2,6749.9,1342.0,7567.0,2928.1,1467.8,2027.4,943.0,9867.3,229.4,1244.6,2388.4,3441.1,574.8,1596.5,1174.3,933.6,401.2,65543.2,746.7,214.0,1374.2,2640.9,622.5,229.7,112.1,286.1,371.4,6485.6,4924.9,1068.1,478.9,68.5,143.2
2026-06-24,35.1,7325.1,1336.8,7488.4,2988.6,1444.8,2024.2,947.9,10667.3,207.7,1280.8,2687.1,3503.1,575.1,1601.7,1126.5,931.6,411.9,69045.5,775.5,206.0,1364.1,2534.6,654.0,229.0,108.9,284.1,376.5,6220.8,4685.0,1181.5,456.3,69.5,135.7
2026-06-25,34.0,7549.3,1297.0,7625.5,2997.6,1414.5,1966.1,941.3,10994.3,210.7,1338.8,2890.3,3481.9,549.0,1561.9,1096.6,892.8,406.1,67468.7,732.6,188.7,1272.5,2384.9,672.7,224.7,103.9,270.5,385.9,5943.3,4308.2,1250.3,436.5,66.4,137.7
2026-06-26,32.5,7935.2,1161.3,7054.7,2836.1,1284.2,1831.4,899.7,11315.5,201.1,1361.4,2770.7,3337.2,469.5,1495.1,1085.4,753.7,398.8,66537.4,724.3,171.2,1178.7,2298.9,657.9,164.6,87.9,246.4,374.7,5470.3,3665.8,1197.5,404.4,53.6,135.6
2026-06-29,35.5,7692.2,1329.7,7311.6,3022.7,1356.0,1903.5,977.4,10902.5,210.6,1512.3,3021.1,3429.7,485.2,1504.3,1133.1,819.1,439.1,68710.1,741.7,150.6,1161.4,2510.1,655.7,181.7,101.3,269.2,399.0,5480.9,3780.3,1400.9,408.0,62.8,136.2
2026-06-30,33.6,7118.6,1383.5,7194.6,3012.9,1337.6,1901.7,1004.0,8286.2,215.9,1503.3,3017.7,3268.8,475.6,1504.0,1137.6,846.1,445.9,65763.5,702.5,144.8,1110.6,2562.9,649.5,186.7,104.8,272.7,411.6,5259.6,3703.2,1420.5,400.2,67.0,135.2
2026-07-01,34.1,6644.5,1367.2,7040.0,3042.2,1328.5,1913.9,993.8,7403.4,212.0,1463.7,2804.9,3269.1,468.9,1515.7,1140.7,843.2,439.5,62519.5,869.9,150.1,1098.8,2720.8,675.3,187.4,101.9,276.3,419.8,5386.1,3598.8,1358.2,412.2,71.8,136.7
2026-07-02,36.4,6283.9,1416.4,6874.6,2996.4,1320.0,2022.6,1000.7,6821.3,198.4,1431.1,2745.1,3243.5,479.5,1525.3,1147.0,866.0,451.2,63202.1,1008.3,154.3,1078.1,2936.8,677.1,178.7,101.2,294.0,443.1,5357.4,3781.9,1363.5,405.1,75.8,178.6
2026-07-03,37.1,5987.6,1499.1,6629.0,2997.3,1290.0,2037.4,976.8,6291.3,179.7,1395.4,2590.4,3146.0,487.5,1463.4,1087.6,880.0,442.0,63707.8,1128.7,159.9,1019.5,2878.2,663.7,173.9,100.2,288.5,444.3,5434.5,3760.0,1350.2,387.9,77.5,191.5
2026-07-06,33.6,5997.3,1388.5,6090.6,2807.9,1219.3,1982.5,909.7,5736.1,163.5,1230.5,2444.9,3069.1,452.2,1350.2,1032.5,832.0,434.7,61896.2,1304.2,162.5,944.1,2831.3,633.9,153.7,82.3,275.2,419.1,5745.2,3648.3,1212.7,380.3,70.6,203.6
2026-07-07,32.4,6187.0,1407.5,5974.4,2877.2,1219.1,2024.6,883.9,5452.8,162.2,1233.6,2509.2,3138.8,453.9,1345.6,1044.9,828.9,483.3,62181.1,1434.0,176.7,938.0,2987.3,630.2,143.1,76.5,294.3,408.0,6007.9,4138.9,1243.5,434.0,69.9,209.5
2026-07-08,32.1,6369.7,1480.5,6096.6,3018.0,1243.1,2085.2,888.7,5272.4,180.0,1243.7,2544.8,3106.0,460.6,1398.7,1071.6,840.1,492.3,63128.8,1349.3,171.2,918.6,2883.5,608.6,144.1,76.2,301.4,400.7,6041.7,4431.6,1259.8,431.3,67.2,216.3
2026-07-09,30.8,6169.9,1427.5,5536.8,3178.0,1235.6,2045.0,857.4,5181.1,187.4,1172.0,2389.3,3012.7,445.7,1350.1,1088.9,844.6,484.1,61668.2,1256.8,168.3,877.8,2675.8,596.1,143.8,75.2,294.0,359.0,5902.6,4263.4,1186.6,420.8,64.5,174.7
2026-07-10,32.0,5754.5,1364.4,5748.1,3471.2,1247.4,2053.4,834.1,5069.2,192.4,1109.0,2411.9,2938.8,447.2,1357.6,1119.8,849.2,493.9,58302.2,1221.4,171.1,860.8,2690.2,593.3,149.1,71.2,287.5,353.8,5826.3,4390.4,1212.2,437.1,65.1,160.6
2026-07-13,33.4,5662.7,1313.1,5862.8,3686.5,1222.3,2011.6,801.5,5120.0,194.5,1136.3,2362.0,2832.1,452.3,1360.3,1131.9,826.4,477.3,58870.1,1393.4,167.9,840.4,2519.3,599.4,153.2,71.9,273.5,344.1,5493.7,4567.1,1179.8,423.8,59.8,148.9
2026-07-14,37.5,5384.6,1237.0,6068.5,3661.5,1157.7,1984.1,763.4,5124.6,217.2,1104.1,2246.4,2727.1,434.6,1297.0,1078.7,795.3,429.7,58794.9,1524.5,152.4,811.3,2308.9,597.5,151.1,68.1,260.3,347.0,5128.0,4308.6,1117.4,374.4,53.8,140.4
2026-07-15,38.5,4863.0,1179.1,6105.2,3546.8,1147.0,1937.9,720.7,4877.8,210.6,1068.8,2179.7,2649.0,423.8,1202.8,1110.9,792.3,453.6,56571.4,1565.1,152.7,757.6,2278.4,570.7,151.2,68.7,259.0,352.3,4894.7,4504.9,1078.1,363.8,51.5,131.8
2026-07-16,38.6,4838.5,1228.7,6330.4,3468.0,1139.1,1929.4,707.6,4663.6,202.2,1140.2,2185.7,2608.0,420.3,1229.4,1163.2,785.4,476.9,56381.1,1584.8,155.8,754.3,2375.3,559.2,149.1,66.3,256.1,368.1,4862.5,4680.3,1089.3,353.8,51.2,127.4
2026-07-17,40.6,5474.0,1317.0,6374.7,3437.5,1204.9,1964.6,729.9,4653.7,204.7,1268.5,2261.6,2721.4,451.3,1306.5,1256.1,816.3,526.8,55792.8,1568.0,153.0,832.8,2492.2,623.0,158.0,73.6,283.0,404.7,5075.6,5171.2,1096.0,387.7,51.2,132.5
2026-07-21,40.9,5388.3,1430.3,6527.7,3370.0,1228.6,2069.5,773.9,4521.9,226.9,1348.7,2370.4,2748.4,481.4,1392.5,1347.1,884.6,550.1,54582.3,1335.9,151.6,833.8,2612.9,634.8,169.5,80.1,303.6,435.7,5089.6,5378.3,1198.9,420.8,54.4,135.6
2026-07-22,38.8,5312.8,1447.1,6315.0,3298.6,1226.3,2070.4,769.1,4539.9,204.8,1364.2,2436.2,2768.0,496.9,1435.2,1392.4,889.1,554.6,54053.8,1139.8,147.1,817.7,2639.6,617.6,175.9,87.2,307.2,445.2,5265.9,5408.8,1245.2,412.0,58.6,146.6
2026-07-23,38.1,5162.6,1428.0,6218.1,3216.0,1169.8,2003.5,798.3,4481.7,204.1,1379.8,2402.9,2727.2,491.3,1440.5,1335.2,864.8,520.5,52676.2,1028.6,140.0,803.4,2595.8,599.2,173.9,90.7,302.7,463.8,5261.5,5481.1,1264.7,401.1,59.9,143.9
2026-07-24,37.0,4992.8,1404.0,6061.6,3135.8,1165.6,1958.6,799.4,4302.2,230.3,1297.5,2401.2,2749.1,487.6,1406.7,1237.0,857.2,499.6,50750.3,996.9,132.4,776.4,2498.2,598.9,183.2,94.1,315.4,503.1,5585.9,5549.1,1268.8,422.3,60.3,157.5
2026-07-27,34.3,4143.5,1386.8,5774.4,2846.2,1147.6,1940.2,781.7,3973.2,251.0,1249.8,2325.0,2746.2,462.4,1296.7,1089.0,843.3,435.5,49613.9,1005.1,126.3,679.7,2409.3,554.0,175.9,91.1,301.4,514.4,5258.1,5285.7,1266.4,430.5,60.2,168.0
2026-07-28,34.4,4255.2,1394.2,5969.9,2871.8,1180.3,1981.5,775.4,3990.9,239.0,1299.0,2382.9,2924.7,474.6,1290.0,1019.7,832.5,418.6,47224.3,921.9,127.0,707.3,2467.5,587.6,168.4,89.6,303.9,593.9,5336.3,5449.7,1230.6,422.9,58.1,179.9
2026-07-29,37.9,4519.5,1523.6,6569.1,3193.3,1386.1,2137.7,871.2,3995.7,241.1,1552.3,2531.3,3211.1,535.4,1428.5,1023.4,928.1,448.2,48679.2,906.3,137.7,805.7,3061.7,662.8,168.2,96.6,344.0,706.6,5610.8,5716.0,1276.7,445.7,58.4,201.8
2026-07-30,38.7,5016.1,1725.3,6871.1,3394.3,1619.5,2347.8,916.2,4127.3,232.8,1759.7,2787.7,3541.3,585.5,1646.0,1019.6,1006.8,497.0,52906.1,942.9,149.0,881.2,3677.7,810.2,168.7,101.3,423.1,744.0,5894.6,5688.0,1302.0,450.6,59.2,228.0
2026-07-31,43.1,5406.3,1919.4,7287.3,3587.6,1812.9,2593.0,1002.0,5212.1,206.0,2026.8,3123.5,4062.5,652.8,1944.1,1135.4,1094.2,610.3,50514.5,953.7,165.9,1007.6,4044.6,896.2,177.1,115.4,443.9,766.1,6281.7,6047.5,1316.8,475.0,67.0,221.9
2026-08-03,43.8,5615.1,1946.9,7303.7,3695.1,1821.2,2594.5,1084.8,5321.7,188.6,1986.3,3422.0,4117.5,675.3,2035.7,1176.5,1177.1,665.8,53428.2,927.3,171.5,1110.3,4258.4,935.1,179.8,126.1,445.0,755.4,6688.1,6283.6,1306.9,457.2,74.6,226.2
2026-08-04,43.5,5330.4,1976.4,7080.4,3564.5,1766.6,2513.2,1094.5,5653.2,180.5,1806.5,3507.8,4105.8,654.2,2065.1,1196.0,1183.3,672.4,55223.0,912.6,176.9,1179.0,4594.0,903.8,171.1,128.0,429.0,672.4,7258.9,5990.4,1253.7,528.1,76.4,218.5
2026-08-05,41.2,5085.4,1890.4,6711.7,3225.1,1663.9,2283.9,1040.1,5916.1,184.1,1579.7,3491.6,4038.8,591.7,2004.9,1217.4,1084.6,641.0,52352.5,867.6,183.4,1176.8,4390.8,834.9,170.7,132.5,390.0,682.6,7640.5,5703.0,1126.9,611.3,82.0,194.4
2026-08-06,45.5,4653.2,1773.9,6559.0,3086.6,1553.2,2123.1,1009.1,6708.9,190.6,1474.7,3343.2,4038.6,552.1,1921.9,1241.0,1047.7,588.8,47501.6,837.4,283.9,1280.3,3990.7,707.9,167.8,134.4,352.6,703.1,7607.3,5511.8,1055.5,649.4,83.3,169.4
2026-08-07,43.9,4092.5,1675.1,6221.4,2987.2,1510.4,1963.5,959.8,7393.5,205.9,1619.5,3236.7,4096.4,519.3,1729.7,1168.2,976.8,469.8,50470.5,868.8,343.9,1206.1,3819.1,645.6,181.8,126.7,454.4,738.9,7221.7,5123.8,995.7,642.9,79.6,157.0
2026-08-10,42.7,3785.3,1619.9,5954.6,2890.1,1581.0,2150.9,940.7,9156.7,233.8,1756.1,2997.0,4198.1,515.5,1653.7,1219.0,896.0,406.0,45019.9,798.2,386.5,1114.9,3582.2,569.3,197.8,116.7,640.6,735.8,6975.9,4637.9,988.0,629.0,73.0,135.7
2026-08-12,43.4,3681.8,1537.0,5748.1,2912.3,1669.8,2553.2,989.8,9737.5,273.2,2065.5,3015.3,4290.5,525.6,1621.9,1227.2,877.6,388.7,43203.6,797.5,417.2,1029.3,3176.7,554.1,213.8,110.8,720.4,738.1,6387.0,4627.3,1002.6,568.1,71.7,129.9
2026-08-13,42.1,3547.9,1503.6,5317.5,2945.5,1622.4,2741.9,972.8,10135.9,275.5,2215.0,2854.8,4228.7,529.1,1541.9,1190.3,882.5,373.2,42571.6,814.6,489.9,937.7,2805.0,561.5,210.4,97.4,742.6,646.3,5857.5,4708.6,1057.3,478.7,63.3,126.4
2026-08-14,38.3,3636.6,1522.1,5331.3,3017.4,1570.0,2958.5,998.0,9784.4,276.8,2645.7,2895.1,4061.9,537.5,1479.9,1209.3,859.6,364.6,44248.3,861.5,532.3,789.5,2649.2,563.5,215.9,90.2,718.7,599.3,5673.2,4813.4,1081.6,514.4,63.7,128.1
2026-08-17,36.8,3540.2,1418.6,5363.5,2906.4,1440.2,2984.0,960.0,8821.0,266.0,2457.1,2706.9,3489.9,507.3,1378.9,1237.2,817.9,343.2,44070.9,802.6,654.0,764.3,2437.9,530.4,184.3,83.5,585.7,507.2,5278.3,4646.1,1160.7,521.2,59.7,131.0
2026-08-18,36.1,3636.4,1374.9,5830.9,2896.9,1309.3,2787.7,904.7,8083.7,244.4,2359.0,2581.8,3223.9,488.1,1402.0,1184.9,770.8,335.6,47695.1,818.5,672.8,776.0,2354.5,545.7,173.9,82.9,390.6,515.2,5163.5,4714.4,1134.6,611.7,58.0,126.0
2026-08-19,34.7,4018.5,1433.0,6133.3,2899.4,1287.0,2454.7,882.1,7982.5,233.7,2173.4,2446.7,3087.0,499.6,1382.1,1220.5,744.7,358.3,49084.3,828.0,730.7,788.3,2417.5,566.8,174.7,86.5,332.4,522.8,5289.6,4945.5,1196.7,688.7,58.1,124.7
2026-08-20,34.1,3928.8,1530.9,6226.0,2838.0,1250.6,2326.6,888.3,7586.7,224.1,2055.2,2362.4,2908.5,499.8,1358.1,1244.3,716.9,380.2,47548.5,804.1,681.3,773.3,2517.6,601.5,175.5,81.4,308.0,547.3,4945.6,4716.0,1169.1,717.3,56.9,114.6
2026-08-21,31.6,3749.3,1452.6,5994.0,2730.7,1198.8,2128.0,852.2,7487.9,222.6,1572.1,2256.7,2759.4,475.7,1272.9,1207.0,718.3,395.8,44884.5,713.2,560.2,743.0,2532.0,647.9,181.6,80.5,287.5,536.9,4793.3,4349.0,1153.4,807.4,52.0,108.6
2026-08-24,31.4,3729.3,1423.8,5848.1,2708.8,1182.6,2043.4,854.0,7324.1,224.6,1429.1,2249.0,2716.3,476.8,1225.1,1135.0,709.4,406.1,42173.7,689.4,395.5,705.4,2522.8,681.8,182.6,78.6,279.4,547.2,4704.0,4174.3,1051.3,868.9,49.9,105.8
2026-08-25,31.0,3582.4,1388.0,5313.0,2614.0,1166.4,1973.3,832.9,6906.1,215.1,1385.5,2251.8,2609.1,449.4,1147.7,1083.9,705.8,429.6,37876.0,659.8,394.2,687.2,2515.5,699.9,181.5,73.6,274.4,518.3,4533.0,3880.8,1026.3,915.2,48.0,102.9
2026-08-26,30.0,3124.1,1313.7,4984.2,2461.7,1117.8,1919.4,777.5,6529.9,207.8,1393.2,2118.5,2369.7,402.0,1053.1,1092.5,683.0,460.4,34041.1,613.4,327.2,621.2,2345.3,700.7,172.9,68.2,252.3,487.1,4111.7,3387.3,1011.4,908.1,44.5,98.0
2026-08-27,28.9,3131.1,1167.4,4972.6,2451.3,1106.9,1933.5,744.4,6524.7,205.7,1351.7,2144.4,2337.7,383.1,1000.9,1258.2,675.8,481.4,33566.9,596.0,332.6,590.1,2201.3,666.0,165.0,70.7,234.5,414.4,4023.5,3274.4,994.9,919.4,44.4,98.2
2026-08-28,30.2,3098.3,1210.6,5278.6,2607.5,1199.1,2090.5,741.4,6279.5,196.5,1491.0,2201.1,2383.2,423.9,1021.6,1575.9,682.1,511.4,33319.3,605.5,415.9,575.8,2191.0,618.4,150.4,75.1,249.9,407.8,3956.3,3558.4,1038.5,799.9,47.0,98.4
2026-08-31,31.3,3333.1,1447.5,5506.9,2779.7,1303.3,2330.3,814.7,6125.0,212.5,1538.3,2375.6,2553.1,480.3,1119.9,2146.7,835.9,569.9,34693.7,591.8,487.6,613.7,2423.2,700.6,173.1,78.5,269.9,569.3,4293.1,4045.9,1182.8,777.1,50.8,103.8
2026-09-01,31.6,3288.3,1492.5,6020.8,2836.9,1382.2,2417.7,849.9,5609.6,232.1,1582.9,2521.6,2669.5,512.2,1129.3,2409.8,844.4,573.7,34595.8,588.2,480.8,617.1,2597.6,786.5,181.1,79.3,274.3,659.4,4300.2,4393.7,1225.3,646.9,50.6,105.4
2026-09-02,33.7,3541.6,1571.4,6623.4,2999.6,1418.4,2573.7,909.8,5407.6,258.1,1647.5,2704.1,2850.4,561.2,1218.2,2613.2,877.4,559.3,35155.7,604.3,511.4,671.1,2808.1,860.9,207.6,83.3,297.9,724.5,4465.9,4749.8,1198.3,642.4,53.0,120.7
2026-09-03,36.3,3513.8,1631.9,7083.7,3078.6,1451.7,2577.2,981.6,4989.8,290.7,1708.1,2924.6,2842.4,615.0,1263.1,2512.3,898.2,543.2,33445.8,592.4,505.4,694.7,2829.8,936.7,236.9,81.8,315.2,803.2,4508.5,5253.5,1255.0,635.7,52.8,130.2
2026-09-04,39.6,3605.6,1654.8,7690.1,3020.9,1411.9,2550.4,1004.4,4829.0,316.1,1578.6,3111.5,2839.0,614.6,1296.1,2391.3,876.5,537.7,33185.8,570.3,413.0,714.2,2801.1,1016.8,258.2,77.7,325.6,842.7,4521.4,5461.0,1265.8,684.6,50.9,138.4
2026-09-07,41.4,3478.6,1476.2,8561.6,2893.5,1323.2,2305.7,929.8,4594.9,304.7,1566.7,2999.9,2683.5,550.1,1244.7,2183.6,720.9,478.0,32930.0,572.8,334.0,692.2,2538.2,958.0,239.3,74.3,309.4,703.8,4195.6,5235.9,1134.3,659.9,47.1,133.9
2026-09-08,41.4,3671.8,1467.9,9599.6,2868.4,1309.6,2231.0,894.1,4559.2,295.2,1581.6,2939.9,2624.2,539.2,1249.2,2115.8,710.8,472.0,34599.4,554.1,287.0,676.6,2572.6,857.2,242.3,74.1,334.1,629.0,4215.0,5106.5,1081.8,649.6,46.4,133.0
2026-09-09,41.4,3447.8,1466.5,10271.1,2871.0,1374.1,2147.2,897.0,4876.9,275.6,1611.5,2914.4,2552.0,516.2,1225.9,1886.3,698.8,454.4,36444.1,524.5,249.9,668.2,2461.8,808.7,258.9,70.4,344.0,575.2,4248.0,4907.6,1098.5,590.3,44.6,125.0
2026-09-10,39.1,3410.7,1493.5,10651.4,2829.6,1444.6,2154.0,853.2,4943.4,272.0,1718.8,2779.3,2519.0,467.6,1225.6,1791.8,681.8,438.3,37761.0,513.8,228.9,669.0,2423.1,778.4,276.7,68.4,364.5,502.6,4345.7,4582.0,1064.3,565.2,45.6,128.2
2026-09-11,35.8,3654.3,1505.6,10395.6,2811.2,1506.1,2142.1,857.0,5070.4,304.9,1785.8,2692.8,2578.8,450.2,1205.7,1678.6,712.3,406.7,38055.3,523.5,222.6,685.4,2474.1,760.1,300.6,65.8,379.1,458.4,4560.0,4629.1,1079.8,543.9,46.4,129.8
2026-09-14,33.6,3641.9,1497.8,9713.4,2774.6,1538.9,2261.7,846.1,5018.3,317.4,1802.5,2701.0,2602.0,439.5,1183.5,1378.3,731.8,404.3,36742.0,526.9,202.5,693.6,2482.0,773.4,313.8,62.4,391.7,413.7,4549.7,4668.9,1141.8,520.9,46.1,127.3
2026-09-15,32.1,3515.6,1501.4,8948.1,2718.1,1488.3,2316.3,826.8,4861.2,307.6,1744.9,2691.1,2503.9,427.1,1174.1,1245.7,711.7,409.6,35620.8,521.6,193.6,689.0,2250.0,783.0,313.8,59.1,362.3,378.8,4722.1,4802.5,1200.0,505.5,45.5,127.4
2026-09-16,30.1,3416.3,1472.8,8196.7,2603.3,1398.9,2339.6,759.8,4134.8,311.0,1537.0,2606.2,2378.0,402.9,1132.6,1149.5,679.0,413.4,33472.3,503.9,190.3,629.4,2107.7,759.8,296.5,57.1,331.4,362.6,4487.0,4761.9,1178.3,504.7,46.3,127.0
2026-09-17,29.6,3327.9,1480.2,7683.1,2487.5,1320.8,2351.6,810.0,4071.5,295.6,1387.9,2598.3,2378.1,390.1,1119.2,1167.3,674.9,436.6,32075.4,496.1,188.6,604.4,2100.3,725.6,273.2,57.3,300.3,372.1,4418.1,4720.4,1188.6,546.4,45.2,119.9
2026-09-18,33.9,3206.1,1622.2,8156.5,2565.5,1387.6,2397.4,905.4,4112.1,258.9,1371.1,2788.9,2488.1,420.5,1203.2,1184.9,774.9,491.9,33181.3,526.8,208.3,627.2,2262.6,771.4,296.5,69.7,301.0,394.6,4516.9,4838.9,1319.8,564.9,54.6,124.5
2026-09-24,35.6,3256.2,1758.8,8694.3,2708.4,1412.3,2504.8,1002.9,4173.4,250.9,1339.8,2971.7,2585.3,470.6,1264.5,1216.9,855.0,537.5,34612.9,533.8,221.0,640.1,2462.8,812.9,308.1,73.3,316.9,425.0,4751.0,4994.4,1453.6,595.2,57.8,139.0
2026-09-25,37.9,3225.5,1803.6,8686.3,2768.2,1515.5,2564.8,1042.8,4095.5,254.6,1361.6,3058.1,2694.2,487.4,1301.7,1233.6,930.9,539.1,34479.1,524.4,228.6,648.3,2523.0,839.3,314.4,77.2,333.0,440.3,4545.7,5287.4,1468.7,619.0,62.3,144.9
2026-09-28,39.8,3410.3,1865.1,8844.5,2991.5,1569.1,2646.9,1098.1,4159.8,241.9,1453.8,3236.2,2882.8,529.8,1389.6,1318.6,1087.8,560.0,34926.1,559.1,219.8,689.8,2667.1,865.6,308.0,84.7,360.1,481.0,4670.8,5723.1,1538.0,640.3,66.8,154.1
2026-09-29,41.9,3568.9,1896.4,9144.7,3089.8,1662.8,2749.0,1093.9,3942.6,242.6,1438.7,3300.8,2958.2,575.7,1440.1,1291.8,1174.6,571.3,34177.0,564.8,211.0,700.6,2749.2,905.4,307.7,89.6,375.6,496.3,4707.5,5941.9,1588.6,605.8,68.2,158.9
