Date,水産・農林業,その他,医薬品,情報･通信業,小売業,建設業,サービス業,不動産業,非鉄金属,鉱業,その他製品,卸売業,化学,機械,その他金融業,食料品,精密機器,陸運業,証券･商品先物取引業,電気機器,金属製品,繊維製品,ガラス･土石製品,輸送用機器,電気･ガス業,石油･石炭製品,パルプ・紙,ゴム製品,鉄鋼,銀行業,保険業,海運業,倉庫･運輸関連業,空運業
2025-07-11,15.4,2412.7,1502.2,4533.5,4453.1,835.0,2342.0,776.5,2096.2,111.3,830.6,2768.3,1864.4,5465.8,257.8,1007.1,715.5,686.5,492.3,9856.1,235.0,144.1,333.6,2427.3,649.5,116.2,97.0,207.8,353.2,3199.4,637.2,332.2,43.5,172.5
2025-07-14,19.5,2133.0,1347.8,4086.1,4598.0,756.6,2113.7,741.1,1650.3,102.0,790.2,2627.5,1663.0,5652.5,240.2,905.2,654.4,610.9,441.0,8224.8,206.5,145.7,304.1,2173.6,586.8,107.9,77.5,174.0,287.4,2586.5,550.7,285.0,37.5,127.5
2025-07-15,21.3,2148.2,1394.1,3841.4,4466.8,742.9,2098.1,736.7,1877.4,103.6,735.3,2539.8,1595.1,6083.6,240.0,906.0,608.9,599.4,468.1,8301.5,190.2,149.8,299.0,2106.3,594.3,108.3,71.9,171.6,272.2,2530.6,587.3,257.3,35.8,115.2
2025-07-16,21.5,2204.6,1406.0,3891.9,4265.5,722.8,2056.1,736.8,1951.0,99.9,733.7,2487.0,1562.1,6192.9,235.1,942.8,592.8,605.2,444.6,9311.4,184.9,143.8,311.7,2012.4,598.0,111.3,64.3,165.3,266.5,2415.9,573.9,246.8,36.2,105.4
2025-07-17,20.8,2177.1,1457.5,3901.9,4206.0,718.0,2020.7,706.4,1880.3,95.9,759.1,2434.6,1512.7,6228.6,237.9,928.4,576.3,601.1,426.2,9499.6,193.5,143.6,306.4,1963.1,583.9,114.2,60.9,161.8,261.5,2292.4,600.8,240.0,36.4,100.2
2025-07-18,20.8,2101.5,1467.7,3814.8,3995.0,676.8,1843.8,739.3,1977.8,88.4,745.0,2234.4,1377.9,6606.8,235.9,903.5,528.0,574.0,436.1,9253.4,182.5,135.4,297.1,1776.8,583.5,114.9,53.2,146.8,251.5,2027.9,593.4,206.5,33.6,84.2
2025-07-22,19.9,2263.0,1552.1,3991.2,3731.8,679.5,1780.0,767.3,2232.5,89.7,792.2,2230.5,1378.2,6782.3,233.3,956.4,535.2,576.3,467.7,9526.9,175.8,130.0,304.5,1794.5,704.9,119.5,51.7,153.1,302.1,2075.3,624.6,208.5,32.5,83.1
2025-07-23,19.3,3010.8,1668.6,4320.4,3827.0,813.8,1830.1,831.8,2353.6,102.7,920.7,2483.3,1624.6,7055.1,263.7,1055.4,605.0,619.0,498.9,10364.6,204.5,135.6,367.8,3493.9,839.6,139.2,54.1,202.9,391.3,2734.7,719.0,302.5,33.6,92.7
2025-07-24,19.1,3343.2,1757.2,4410.2,3914.2,887.5,1887.5,848.9,2533.7,114.7,997.8,2503.8,1749.7,7247.0,287.4,1061.9,686.9,635.4,530.4,10067.2,217.0,140.0,417.9,4206.2,901.0,145.5,57.6,251.1,432.0,3321.4,792.7,346.3,35.4,103.2
2025-07-25,19.6,3424.5,1736.8,4521.3,3694.0,938.4,1950.4,861.1,2712.9,115.6,1050.8,2505.5,2094.8,7165.1,287.5,1062.1,686.0,642.3,535.3,9833.0,215.9,137.0,447.0,4479.6,946.8,145.4,59.0,266.2,460.1,3467.9,760.9,401.4,37.3,100.9
2025-07-28,20.1,3517.3,1674.5,4552.1,3550.8,995.7,2067.6,822.3,2645.1,119.7,1050.7,2602.1,2231.4,6701.5,285.5,1058.0,700.7,645.9,522.9,9822.1,215.8,137.3,461.7,4674.0,998.1,139.6,57.0,277.7,461.0,3652.6,736.6,435.9,39.4,99.2
2025-07-29,20.0,3461.3,1619.6,4375.3,3421.4,1094.7,2218.4,771.1,2567.7,121.1,999.8,2595.6,2309.0,6326.3,292.1,1066.8,683.8,652.4,547.9,10062.0,224.4,134.6,461.7,4695.3,923.7,140.7,56.4,279.9,427.2,3613.2,705.9,454.9,41.1,106.5
2025-07-30,18.9,2787.6,1587.5,4211.8,3007.7,1002.1,2188.0,762.4,2787.0,151.9,970.1,2442.7,2184.9,5691.8,262.3,1024.6,618.0,636.8,548.4,9808.5,211.1,126.0,405.3,3168.7,862.1,122.4,62.2,260.4,341.9,2845.2,590.2,379.6,41.3,162.5
2025-07-31,19.5,2498.9,1741.3,4338.0,2810.4,1024.6,2154.8,791.0,2896.6,147.3,957.2,2613.4,2170.2,5447.9,258.0,1017.6,539.8,691.7,596.7,9771.8,231.2,123.3,377.3,2823.3,947.5,117.8,62.5,220.3,351.4,2355.8,534.9,369.1,43.3,196.5
2025-08-01,21.1,2542.9,1790.4,4336.6,2840.7,1063.3,2086.1,840.7,2927.2,156.6,945.4,2808.6,1963.2,5448.9,266.6,1239.1,601.1,765.9,642.5,10919.0,237.9,120.9,433.2,2744.4,1095.2,118.8,62.6,212.8,352.0,2433.0,557.2,456.4,47.7,213.4
2025-08-04,24.0,2696.1,1784.8,4309.2,2954.7,1075.1,2056.9,844.2,2903.6,169.7,1183.0,2922.5,1923.9,5433.5,277.3,1401.2,628.9,794.9,649.4,11348.5,240.5,123.3,471.3,2696.4,1134.2,127.5,75.8,203.7,415.4,2577.2,605.9,474.8,48.8,228.6
2025-08-05,31.9,2639.2,1827.5,4452.9,3088.3,1039.4,1935.1,866.0,3019.6,168.3,1339.9,2969.8,1873.0,6001.7,277.7,1464.1,649.5,811.8,596.1,11317.2,244.4,130.1,498.7,2848.1,1319.5,125.3,83.4,193.6,433.4,2689.0,635.3,550.0,55.4,233.0
2025-08-06,41.2,2555.1,1746.0,4596.4,3390.2,1131.9,1925.2,840.1,2782.8,131.1,1333.7,2888.7,1870.2,6913.0,283.9,1521.6,681.8,875.3,549.8,10860.1,256.0,134.0,520.8,3151.0,1351.0,137.4,78.1,161.6,450.7,2745.8,644.8,600.7,55.9,177.1
2025-08-07,42.7,2527.6,1528.9,4560.2,3483.9,1224.6,2056.1,808.5,3049.0,134.7,1371.3,2731.0,2013.2,7139.5,279.5,1633.4,694.0,865.1,488.8,10819.2,240.9,156.2,506.7,3317.6,1329.9,136.5,79.3,169.1,425.4,2799.4,644.9,596.7,56.2,143.9
2025-08-08,43.5,2825.1,1702.9,5358.7,3624.3,1395.0,2186.9,836.0,3435.1,162.5,1549.4,2668.3,2206.2,7329.6,331.5,1559.4,756.8,888.1,498.4,10336.6,245.9,203.1,461.1,3617.1,1308.2,183.1,83.3,256.6,449.4,2911.2,731.0,502.2,52.9,149.0
2025-08-12,45.9,3151.4,1912.8,6084.9,3839.6,1512.0,2456.8,913.2,3592.2,222.6,1513.7,3337.4,2423.7,7609.3,371.0,1515.8,840.5,979.6,549.8,10742.8,257.9,225.9,439.6,3830.8,1356.4,210.5,80.0,343.8,427.9,3199.1,806.8,506.9,55.8,149.6
2025-08-13,39.9,3530.1,1987.6,6452.5,3931.5,1558.2,2621.8,942.7,3665.5,242.7,1752.4,4075.7,2557.3,7416.6,396.9,1481.8,912.0,1039.2,597.1,11456.5,261.9,236.6,444.2,3897.8,1343.4,227.8,75.2,399.3,422.6,3435.5,879.0,438.1,53.2,181.3
2025-08-14,33.9,3666.2,2014.2,6911.2,3890.4,1502.5,2670.0,912.9,3560.3,246.3,1909.6,4713.8,2578.0,6616.2,411.8,1417.2,928.2,993.2,637.1,11555.3,276.8,236.6,427.0,3502.3,1412.4,237.4,70.5,419.9,413.6,3742.3,913.0,390.7,54.4,182.1
2025-08-15,32.3,3774.6,2069.8,7392.2,3868.3,1408.9,2746.4,916.2,3395.7,245.7,1917.9,5013.0,2415.9,6119.8,473.4,1317.0,942.7,961.2,674.7,11597.6,277.5,219.1,428.3,3062.9,1501.9,252.0,66.7,413.8,401.6,4312.6,967.4,391.2,51.7,176.9
2025-08-18,31.0,3558.2,1840.1,7031.8,3808.4,1220.6,2797.3,854.1,3075.2,221.6,1776.3,5257.1,2166.2,5786.9,446.1,1206.6,854.6,906.1,664.6,10747.3,280.0,177.4,408.0,2739.2,1528.5,208.5,60.6,326.4,353.4,4314.0,891.1,374.3,49.6,164.7
2025-08-19,26.4,3108.5,1768.2,6902.8,3595.7,1089.5,2594.8,808.4,3157.2,158.4,1660.7,5119.1,1967.8,5525.2,425.0,1109.8,743.1,808.9,633.6,9744.8,280.7,158.5,380.8,2701.4,1491.5,181.4,50.6,247.0,315.4,3975.4,813.0,350.0,45.6,155.6
2025-08-20,28.7,2938.1,1755.9,7027.1,3424.6,1047.6,2580.3,793.3,3111.2,151.5,1347.6,4566.6,1901.8,5219.6,439.6,1141.3,663.4,796.7,633.5,8920.2,281.4,158.2,359.3,2725.6,1382.5,169.2,48.1,206.2,307.7,3742.6,747.2,335.2,43.0,116.5
2025-08-21,28.5,2784.0,1837.2,6663.1,3169.8,996.7,2487.4,773.8,3160.5,139.6,1144.7,4094.3,1859.8,4852.3,439.3,1096.1,615.8,759.0,583.8,8423.9,246.0,160.6,351.1,2710.7,1278.3,147.1,51.0,189.2,318.6,3401.2,705.9,325.7,42.0,103.1
2025-08-22,30.9,2595.5,1748.0,6126.9,2949.8,936.1,2309.1,722.5,2774.7,144.2,1052.1,3907.0,1830.3,4651.2,384.8,1050.6,589.8,745.0,604.6,7805.0,237.0,159.9,333.7,2680.2,1258.6,132.0,53.3,195.5,332.3,2764.6,661.3,311.3,39.8,101.0
2025-08-25,30.7,2426.7,1720.4,5924.6,2851.7,931.0,2156.3,702.2,2702.8,142.1,989.0,3820.9,1821.4,4406.6,367.3,1021.4,575.8,707.4,611.6,7627.5,219.6,162.1,333.1,2620.2,1200.1,125.5,57.4,201.7,351.2,2520.4,618.5,307.8,40.2,94.0
2025-08-26,32.5,2476.3,1881.5,5822.2,3024.3,973.9,2321.0,679.1,2567.7,139.5,993.4,3476.3,1993.1,4358.4,375.8,1059.7,599.8,820.8,618.1,7971.0,214.6,180.1,337.6,2816.6,1317.0,139.4,57.1,213.8,363.7,2537.6,647.0,313.3,42.1,93.1
2025-08-27,30.2,2268.9,1865.2,5571.9,2988.7,957.6,2226.3,645.3,2546.9,127.8,958.0,3374.7,1941.9,4106.7,344.0,939.3,629.1,775.0,630.8,7707.6,202.1,188.5,331.5,2614.5,1349.7,139.5,58.7,215.3,353.2,2437.6,655.9,328.7,42.0,96.8
2025-08-28,28.6,2346.4,1789.0,5722.3,2975.3,955.0,2272.0,639.6,2830.8,155.3,1010.5,3475.3,1892.4,4241.4,337.6,912.7,666.5,831.3,682.2,7930.1,194.5,191.4,348.5,2656.4,1396.5,144.8,54.9,222.0,349.8,2476.9,726.4,331.1,42.0,133.6
2025-08-29,25.5,2376.4,1802.1,5774.4,3114.5,988.4,2278.3,649.3,3267.2,154.4,1030.4,3557.7,1858.9,4311.7,326.8,929.5,667.5,817.4,646.5,7981.6,183.5,185.9,351.1,2800.3,1323.5,145.4,63.3,213.9,343.7,2372.8,728.3,363.8,42.4,131.0
2025-09-01,24.9,2567.5,1788.8,5596.9,2989.5,949.5,2237.8,636.7,3505.0,158.5,994.5,3335.1,1823.8,4493.9,310.3,916.6,653.7,804.5,636.8,8024.0,173.5,183.8,373.0,2721.8,1330.2,143.7,62.7,199.8,336.5,2320.3,721.7,365.9,41.3,129.6
2025-09-02,23.7,2463.7,1505.6,5077.9,2637.5,897.7,1993.9,595.6,3773.5,160.4,889.9,3386.8,1606.6,4300.8,289.0,1005.6,646.5,677.4,605.1,7294.8,160.8,166.7,419.8,2300.9,1229.8,133.7,64.9,190.0,340.7,2064.9,654.6,409.2,40.9,123.8
2025-09-03,24.1,2620.3,1457.0,4954.2,2636.9,913.9,2016.6,621.4,4038.3,177.3,888.2,3583.1,1636.3,4449.1,321.0,1063.5,627.3,708.7,584.5,7368.1,168.8,151.9,481.9,2347.0,1309.0,137.9,69.1,199.8,399.5,2356.8,683.8,457.3,44.3,119.5
2025-09-04,25.6,2696.7,1396.7,4618.6,2673.1,964.2,1929.6,613.8,4159.3,153.4,860.2,3554.6,1601.6,4340.0,317.2,1085.1,600.5,662.6,539.9,7303.9,178.5,144.5,530.6,2267.6,1319.0,134.9,72.7,198.2,431.5,2389.4,637.0,478.5,43.6,87.2
2025-09-05,27.3,2795.7,1415.2,4463.4,2682.2,963.6,1841.4,602.3,4086.0,145.4,847.3,3507.9,1633.8,4321.5,316.8,1059.4,637.9,675.0,499.9,7641.1,192.5,153.3,594.4,2345.5,1249.5,130.3,65.1,208.2,480.8,2483.8,604.2,474.2,44.1,92.0
2025-09-08,29.6,2800.1,1493.7,4486.7,2774.6,984.6,1911.7,656.8,3960.9,147.3,931.2,3559.1,1677.2,4294.9,328.5,1075.3,690.6,718.6,480.6,7929.9,197.8,155.2,590.0,2482.6,1198.8,134.5,72.7,224.8,524.3,2575.7,618.8,483.6,45.5,94.7
2025-09-09,30.6,3044.5,1567.1,4664.3,2812.8,1009.7,1917.4,702.4,3980.0,151.2,1004.6,3342.1,1710.0,4521.4,327.8,949.7,740.0,738.2,479.7,8882.9,208.6,153.6,564.7,2675.8,1176.4,130.0,79.2,230.4,546.2,2636.5,633.2,450.8,44.5,105.4
2025-09-10,30.8,2988.0,1540.9,4877.5,2686.4,972.9,1896.5,678.3,3895.2,137.4,991.7,3216.3,1699.6,4378.6,299.1,912.3,745.5,694.1,444.7,9141.6,200.7,144.5,517.1,2718.3,1149.0,127.5,79.6,217.3,495.0,2532.1,582.8,393.0,40.0,105.5
2025-09-11,28.9,3201.0,1525.2,5635.6,2643.6,915.9,1914.3,688.0,3922.5,141.1,1049.1,3153.5,1748.6,4554.1,321.2,904.4,784.0,694.6,426.8,9579.8,195.9,137.8,487.4,2798.1,1160.8,131.1,82.8,214.0,450.6,2520.8,574.5,386.0,39.8,107.0
2025-09-12,28.8,3355.0,1523.9,6323.4,2639.4,931.9,2074.6,734.8,3802.5,143.2,1115.9,3253.6,1819.8,4760.0,346.7,954.9,827.8,708.2,429.1,10412.6,198.6,136.1,440.8,2653.0,1206.1,140.1,86.1,230.8,392.4,2595.7,623.3,371.8,41.6,104.7
2025-09-16,27.0,3393.7,1441.2,6629.3,2600.1,921.6,2110.2,715.1,3845.1,139.1,1133.4,3321.2,1898.0,5002.6,349.8,960.8,884.0,684.1,406.7,11042.3,225.8,139.1,426.0,2604.4,1249.9,152.1,86.7,227.0,338.1,2582.4,655.9,354.3,42.0,102.5
2025-09-17,26.0,3212.6,1349.0,6729.0,2559.4,898.8,2152.7,683.6,3571.1,132.9,1123.9,3363.3,1896.8,5010.2,348.6,967.8,877.0,669.8,385.3,11312.3,235.3,141.1,408.3,2421.3,1237.8,151.4,81.8,219.6,301.9,2545.3,714.8,340.0,40.6,95.1
2025-09-18,24.2,3444.7,1299.0,6665.2,2533.9,894.0,2143.2,695.2,3308.1,139.4,1179.5,3285.7,1926.7,5404.1,349.3,985.4,918.5,687.6,378.3,12260.1,266.8,147.9,410.0,2299.6,1245.9,142.4,78.8,212.3,305.7,2325.8,737.8,331.7,40.5,97.7
2025-09-19,31.9,3797.7,1466.5,6887.1,2855.1,1039.0,2385.3,854.5,3193.9,162.3,1362.2,3757.9,2332.1,6228.6,415.7,1120.5,1082.5,840.6,463.5,14717.4,333.1,173.7,461.7,2684.6,1384.0,159.4,93.5,258.8,353.5,2931.8,839.5,395.7,46.1,107.1
2025-09-22,32.2,3747.2,1447.0,6361.0,2741.3,992.1,2243.1,831.8,2950.9,159.1,1345.6,3527.2,2318.3,6245.1,394.6,1073.0,1057.3,824.2,453.4,15696.2,384.6,165.9,451.8,2599.3,1352.4,155.2,92.3,233.8,351.1,2952.5,802.2,505.8,45.7,105.3
2025-09-24,34.3,3615.2,1504.7,6386.5,2738.4,991.8,2219.5,831.5,2770.9,162.5,1321.0,3499.0,2316.3,6547.1,415.1,1082.4,1039.3,862.6,452.8,16932.8,387.2,163.4,462.8,2715.9,1276.4,149.1,84.4,233.4,357.6,3106.9,837.6,538.8,45.8,109.9
2025-09-25,35.2,3652.1,1592.0,6677.1,2725.6,991.6,2203.0,835.9,2960.2,170.3,1316.6,3514.9,2371.7,7029.2,445.6,1212.2,1063.9,924.3,452.7,17189.9,390.7,165.6,482.7,2820.9,1299.1,157.2,83.1,242.5,379.8,3340.3,846.3,553.2,47.2,112.2
2025-09-26,37.8,3543.4,1828.1,6856.3,2896.6,1061.2,2305.0,890.2,3037.2,178.3,1321.1,3570.1,2509.6,7109.2,481.6,1414.9,1078.5,1059.4,480.3,17415.9,397.2,168.7,486.7,3016.0,1230.7,176.9,86.1,264.0,406.2,3754.4,899.4,608.5,51.6,121.2
2025-09-29,30.6,3045.3,1783.4,5951.7,2571.7,930.9,2110.9,772.9,2900.9,155.2,1073.2,2983.7,2140.5,6447.9,404.1,1343.0,902.6,963.2,411.0,15197.9,372.5,142.7,406.6,2649.5,1006.0,169.7,68.1,224.5,379.8,3359.7,947.4,601.2,46.8,112.8
2025-09-30,29.3,3011.0,1798.5,5919.8,2572.3,934.3,2272.1,791.2,3036.0,183.8,1062.1,3020.7,2134.8,6476.0,413.8,1400.3,933.0,974.9,422.4,13765.9,345.2,143.4,403.7,2754.8,1044.9,176.8,68.2,240.1,401.2,3478.5,1095.6,541.8,46.8,118.7
2025-10-01,28.2,3213.5,1847.4,5752.1,2568.4,964.9,2243.5,819.3,3132.3,185.9,1067.2,3126.1,2104.3,6232.7,406.2,1442.2,884.8,958.7,432.6,12268.7,356.1,145.1,381.2,2681.0,1106.8,177.6,70.7,244.7,415.0,3543.2,1185.6,549.4,49.6,121.1
2025-10-02,26.4,3295.6,2006.1,5480.4,2638.3,958.3,2191.8,846.9,3060.0,178.3,1099.3,3386.7,2099.9,6097.0,379.7,1329.2,860.7,922.2,439.2,12179.5,374.8,143.3,372.3,2621.6,1118.4,169.2,69.6,238.8,383.8,3412.6,1267.6,538.8,50.4,121.2
2025-10-03,24.4,3416.8,1910.9,5290.5,2601.1,868.7,2007.9,854.2,3107.5,178.0,1017.0,3433.0,1964.3,5995.4,342.1,1157.4,798.9,762.7,391.2,12216.1,398.6,138.7,352.9,2361.7,1126.7,150.1,62.7,228.9,334.0,3049.5,1314.0,488.1,46.4,108.7
2025-10-06,25.9,4160.2,1943.2,5685.6,2797.1,934.2,2032.7,938.4,3153.5,190.2,1117.9,3612.7,2104.0,7044.6,350.9,1187.3,875.9,742.1,414.4,14615.5,393.3,150.1,381.4,2796.6,1204.1,140.2,62.2,245.8,329.0,3381.4,1332.6,448.5,49.5,116.7
2025-10-07,27.1,4410.9,2009.5,5984.6,2797.2,938.6,1863.3,1033.6,3971.1,174.8,1081.3,3605.2,2145.0,7872.3,341.4,1171.1,861.6,732.3,433.4,15873.1,386.3,152.0,401.6,2983.4,1274.9,131.4,58.6,251.3,318.3,3239.2,1278.7,397.3,49.1,122.0
2025-10-08,36.1,4291.5,2000.2,6002.1,2779.6,918.4,1798.0,1043.5,4614.9,166.2,1024.0,3450.1,2131.6,8194.2,339.9,1169.8,1011.4,726.1,481.6,16360.8,369.1,147.0,410.3,3099.4,1293.8,132.5,53.0,253.9,316.1,3202.3,1257.9,376.5,46.5,122.1
2025-10-09,39.2,4446.0,1872.4,6998.4,2825.3,910.1,1847.5,1026.1,5115.4,167.9,985.6,3054.3,2120.7,8406.5,331.5,1178.6,1031.7,711.8,572.3,16689.0,357.9,143.2,407.2,3181.7,1345.7,135.1,54.3,259.7,319.9,3160.3,1170.8,415.2,47.2,122.3
2025-10-10,42.1,4421.4,1941.9,7470.6,3233.6,976.1,1956.1,993.0,5386.5,167.8,1033.6,2945.6,2196.3,8704.0,349.9,1188.2,1158.9,758.9,681.0,16635.6,324.1,143.1,419.7,3349.7,1329.7,147.1,60.2,284.2,351.1,3351.5,1138.8,435.8,53.5,126.4
2025-10-14,42.8,4394.4,1926.1,7887.8,3421.0,957.4,1996.5,931.3,5767.6,172.7,971.7,2906.7,2211.3,8039.1,359.9,1159.7,1153.7,746.0,712.0,15634.0,332.6,138.5,417.6,2980.9,1283.7,151.9,63.0,305.1,356.6,3070.7,1065.7,478.0,52.5,123.7
2025-10-15,41.5,4288.0,1849.3,8016.7,3603.8,969.0,2066.4,818.4,5018.6,159.1,957.4,2963.0,2107.5,7290.3,355.2,1150.4,1132.1,739.3,701.9,14818.4,320.7,135.3,387.9,2699.2,1160.8,151.4,59.5,331.1,339.2,2926.1,1015.5,473.5,50.6,115.5
2025-10-16,30.1,4396.9,1766.4,8657.8,3707.7,988.0,2124.3,762.6,4412.7,151.2,1182.0,2913.4,2057.9,6929.6,348.2,1115.8,983.1,714.4,651.1,15034.5,312.8,130.1,369.1,2472.2,1129.0,139.4,56.9,333.7,316.7,2662.9,926.8,454.0,49.7,111.1
2025-10-17,27.5,4525.6,1729.4,8051.9,3724.3,1002.1,2127.8,734.4,4009.0,145.2,1359.9,2882.0,2005.0,6722.8,356.5,1091.9,957.7,696.3,567.7,14249.1,301.6,135.6,351.4,2339.0,1066.4,133.2,53.2,334.2,306.6,2706.9,979.8,409.0,50.5,106.1
2025-10-20,23.7,4908.7,1536.5,8299.9,3364.5,982.5,2072.8,730.4,3886.3,128.0,1396.4,2726.6,1866.5,6348.5,340.1,1039.9,879.7,651.9,488.0,13934.3,290.9,135.8,340.7,2233.6,1014.6,118.1,46.1,316.2,281.5,2730.7,922.8,395.5,45.2,97.6
2025-10-21,20.8,4714.5,1373.3,9094.0,3034.8,1068.3,1945.2,682.8,3751.8,106.0,1483.3,2492.0,1673.0,6208.4,333.7,979.6,880.6,615.3,439.3,13228.8,282.8,128.3,327.9,2042.0,1016.4,103.7,39.1,273.9,265.0,2652.4,891.5,327.2,49.6,89.1
2025-10-22,22.3,4868.4,1333.4,10416.2,2884.7,1254.0,1837.3,677.3,3980.6,111.2,1575.3,2348.9,1657.2,6363.1,337.9,978.9,897.5,609.1,424.0,12993.8,288.4,140.0,362.9,2476.9,1018.1,102.1,40.6,241.0,300.7,2706.0,894.5,325.7,55.7,85.3
2025-10-23,24.5,4836.8,1275.1,10196.5,2739.8,1499.1,1721.1,683.9,4088.1,132.0,1367.7,2314.4,1635.6,6650.3,324.0,954.1,906.9,597.6,403.7,12264.0,293.7,144.9,385.8,2741.0,956.2,110.8,42.3,232.5,301.3,2704.9,898.7,330.3,57.7,80.7
2025-10-24,25.5,4602.2,1170.9,10218.1,2556.3,1629.7,1640.8,698.3,4300.1,143.7,1162.0,2304.5,1659.9,6668.2,322.3,942.1,911.2,579.2,383.5,12851.2,295.8,136.0,411.5,3002.3,912.3,110.5,42.0,225.1,303.3,2600.1,819.7,338.9,55.1,80.8
2025-10-27,27.3,4459.8,1190.8,10112.9,2397.3,1844.4,1620.5,717.8,4661.3,162.5,1095.7,2352.5,1883.1,7084.3,323.5,928.7,924.6,586.4,398.9,13083.2,319.2,131.9,423.0,3448.1,887.5,120.1,44.2,217.8,327.6,2471.4,825.3,360.2,56.7,82.6
2025-10-28,28.5,4049.0,1184.2,9475.3,2273.2,1929.4,1614.8,763.1,4614.5,174.2,926.3,2438.1,1961.0,7125.1,303.5,948.5,856.3,592.6,390.4,12916.7,320.0,131.4,414.8,3785.1,886.2,126.1,47.1,220.4,351.9,2327.9,783.8,375.3,50.7,87.0
2025-10-29,27.9,4298.1,1166.0,8690.2,2244.3,1960.8,1645.3,809.8,4704.7,175.0,841.8,2467.1,2045.0,7323.5,310.8,993.0,828.3,610.0,411.4,15425.1,327.3,119.9,389.2,3511.7,923.7,126.1,51.5,207.6,327.1,2352.0,801.3,366.8,49.5,94.3
2025-10-30,33.0,4807.0,1267.6,9561.6,2486.7,1999.9,1839.8,1023.8,5205.9,172.2,896.4,2919.6,2291.5,7791.9,416.1,1173.2,901.0,818.7,468.2,19230.8,363.8,132.9,415.9,3639.9,1059.4,161.9,63.3,211.9,416.0,3177.1,1136.4,411.1,55.5,137.2
2025-10-31,33.9,5289.1,1483.3,9814.3,2623.1,1993.6,1940.3,1071.9,5344.1,171.9,948.7,3019.4,2439.6,7958.3,419.4,1323.2,968.1,920.3,571.8,22962.1,388.5,137.5,411.7,3721.7,1177.0,175.5,72.5,216.3,445.8,3274.1,1175.7,408.9,56.8,184.5
2025-11-04,36.1,5265.9,1652.4,10061.5,2806.1,1872.7,2030.3,1058.2,5520.2,167.4,1027.7,3313.4,2498.0,7886.4,423.1,1452.5,995.6,985.3,643.2,26322.9,394.3,140.1,462.4,3492.1,1274.9,181.3,75.3,223.9,453.5,3313.8,1212.9,509.3,61.8,216.2
2025-11-05,38.5,6257.5,1911.7,10480.1,3057.2,1843.6,2159.6,1062.2,5788.6,174.7,1464.4,3773.0,2637.9,8139.1,440.5,1568.1,1086.7,1056.9,713.1,28620.9,398.6,159.8,581.5,3607.0,1323.1,198.6,81.1,240.4,473.0,3598.4,1282.1,557.8,65.7,256.9
2025-11-06,45.4,5817.2,1988.0,10193.6,3079.1,1738.6,2174.3,1058.3,5850.6,171.4,1765.7,4284.9,2716.9,8169.6,444.4,1583.9,1110.6,1090.0,710.5,26751.1,402.5,197.6,647.7,3688.7,1409.6,205.6,87.0,251.2,534.2,3672.7,1261.7,676.6,65.9,260.5
2025-11-07,43.4,5463.5,2002.0,9408.7,3157.1,1525.9,2235.0,845.3,6200.6,158.4,1816.2,4046.4,2589.7,7615.6,335.6,1581.6,1035.8,930.8,673.2,24360.1,367.1,188.5,677.8,3399.9,1334.8,161.0,86.9,240.8,476.4,2947.5,897.9,652.7,60.7,221.0
2025-11-10,42.8,4961.2,1861.8,8980.9,3115.7,1472.3,2199.6,833.0,6544.7,155.1,1835.7,4072.4,2501.5,7177.0,332.3,1607.8,970.8,874.8,586.0,21090.9,350.5,189.6,751.0,3186.5,1230.3,161.2,82.5,238.6,462.6,2894.7,822.6,650.5,60.1,174.5
2025-11-11,44.6,4729.6,1718.2,8511.4,2941.9,1536.9,2105.0,854.7,6764.0,149.8,1786.5,3774.0,2404.0,6912.4,327.7,1579.9,887.6,834.3,479.2,19127.9,324.4,200.5,795.4,3093.9,1206.1,159.1,81.1,233.8,439.5,2781.3,758.0,538.6,53.2,180.1
2025-11-12,46.6,3632.7,1592.2,8026.7,2736.8,1541.0,2002.0,889.7,7127.2,150.5,1538.5,3230.6,2347.5,6691.4,314.5,1630.7,842.7,806.2,416.0,17191.2,356.3,199.4,765.3,2753.9,1183.3,178.6,74.0,306.7,407.4,2742.0,717.7,491.0,48.7,146.5
2025-11-13,41.4,3479.7,1595.7,7743.4,2643.8,1646.2,1999.3,905.9,7648.0,164.0,1335.6,2751.8,2284.8,6460.6,346.4,1651.3,849.5,792.9,449.7,16873.7,347.2,165.6,760.8,2563.8,1200.9,193.6,64.8,354.7,340.5,2842.0,719.2,377.8,43.3,146.5
2025-11-14,40.3,3398.5,1669.8,8009.5,2452.8,1751.1,1932.6,972.4,7400.4,203.7,1277.6,2539.6,2361.7,6477.5,383.6,1600.5,860.9,812.0,468.1,15979.2,385.0,201.5,760.6,2528.5,1296.2,219.5,57.7,422.3,326.2,3048.7,805.4,350.6,41.5,153.1
2025-11-17,42.8,3338.7,1698.1,7928.4,2795.5,1809.6,2030.1,985.1,6895.7,217.0,1242.9,2550.6,2399.3,6582.2,410.1,1501.3,862.4,829.6,497.3,15940.7,402.0,212.9,718.2,2446.6,1277.6,220.4,57.8,438.6,305.2,3368.6,925.6,336.7,43.1,174.8
2025-11-18,39.5,3643.8,1750.9,7757.4,2930.3,1754.1,2089.0,985.7,6667.3,231.1,1251.7,2726.8,2402.2,6643.7,432.1,1480.7,905.5,857.8,545.9,15036.0,419.7,208.4,686.4,2371.1,1293.2,226.4,59.0,447.7,309.7,3637.7,1033.0,340.5,46.0,149.8
2025-11-19,49.5,3876.8,1740.0,7233.3,3191.0,1707.8,2096.3,928.8,6599.1,229.0,1133.3,2828.2,2313.7,6544.5,441.2,1370.6,874.4,841.0,551.7,15129.7,375.5,201.4,637.7,2326.9,1422.6,197.3,60.3,365.2,290.1,3525.2,1071.6,324.9,47.7,140.5
2025-11-20,51.1,4281.4,1845.2,7250.3,3378.9,1589.7,2100.5,905.0,6281.1,221.1,1048.2,2770.4,2335.5,6596.1,409.0,1341.1,831.7,825.5,519.7,16237.0,378.4,198.8,650.9,2308.1,1520.8,187.9,59.9,312.9,297.1,3442.0,1326.7,322.4,49.9,132.7
2025-11-21,52.9,4332.1,2054.1,6978.5,3570.7,1647.4,2335.6,1027.2,6162.6,218.6,1090.5,3060.4,2473.2,6857.2,480.6,1735.8,913.6,1098.0,569.2,17927.8,343.6,171.4,663.9,2612.4,1542.9,195.2,61.3,287.2,307.6,3493.5,1691.8,347.9,50.8,139.6
2025-11-25,52.1,4350.4,2158.4,7465.4,3316.4,1641.2,2230.9,1049.1,6146.9,212.7,1115.1,2988.3,2433.7,6816.4,460.6,1769.7,905.2,1110.3,533.3,17651.5,312.9,167.0,682.1,2597.1,1785.2,182.7,60.9,279.8,322.8,3334.1,1723.1,351.7,50.7,125.7
2025-11-26,53.7,4026.0,2254.9,7541.9,3352.1,1701.5,2183.3,1074.1,5695.0,217.0,1093.9,2822.4,2341.4,6737.5,440.0,1792.2,857.0,1102.7,511.3,17284.1,291.5,167.0,655.0,2586.3,1848.0,176.2,62.2,281.8,340.3,3467.4,1686.5,351.0,51.8,117.7
2025-11-27,40.9,3722.8,2195.8,7492.0,3072.0,1640.6,2081.7,1072.7,4835.3,211.5,1069.6,2694.7,2337.3,6232.2,411.8,1747.3,819.6,1083.1,477.7,16710.0,273.5,163.3,630.7,2459.0,1773.2,162.5,59.6,277.1,339.3,3521.9,1611.5,343.9,51.4,112.5
2025-11-28,38.9,3196.6,2067.7,7087.7,2909.9,1597.5,2001.0,1062.9,4201.0,212.8,1091.0,2703.6,2276.4,5966.2,406.2,1728.2,809.3,1061.3,446.3,15084.8,251.4,175.4,582.1,2421.3,1582.2,155.6,68.3,271.3,356.0,3455.6,1359.9,353.7,51.5,110.1
2025-12-01,37.6,3139.4,1769.2,6496.1,2644.4,1430.9,1632.8,927.0,3963.2,210.2,993.3,2345.0,2026.8,5189.7,313.4,1259.1,686.6,738.5,369.5,13478.9,245.7,166.4,547.5,2055.9,1538.0,133.6,67.5,241.2,341.1,3585.4,958.7,326.5,51.4,98.2
2025-12-02,35.9,2997.8,1694.4,5844.1,2477.9,1384.2,1578.8,907.5,3800.7,210.8,925.5,2184.6,1981.2,4986.6,309.3,1165.5,637.2,687.8,364.8,13298.6,243.7,160.2,551.5,2055.5,1482.3,140.3,66.7,233.0,325.0,3886.7,900.0,322.7,50.0,91.4
2025-12-03,34.4,2879.6,1602.9,5765.9,2430.6,1251.4,1567.5,849.3,3750.3,199.6,909.4,2086.6,1914.1,4714.3,307.0,1096.4,622.6,649.7,339.4,13422.4,240.1,153.4,635.5,2011.9,1402.6,138.6,63.5,230.3,298.9,3711.3,874.1,315.0,46.2,93.3
2025-12-04,34.2,3069.1,1729.8,6256.8,2442.6,1239.5,1695.1,832.0,3658.9,197.2,872.6,2195.0,1891.4,4906.6,317.9,1097.5,613.2,642.0,355.3,13914.3,246.3,143.9,695.7,2182.4,1366.4,147.1,66.2,238.9,330.3,3648.0,931.0,340.7,45.0,98.1
2025-12-05,32.5,3242.0,1772.3,7215.9,2412.1,1210.9,1710.0,816.8,3647.0,202.5,862.2,2158.8,1871.6,4724.1,314.3,1071.1,627.4,656.9,383.0,14329.4,265.4,129.5,715.1,2256.9,1346.3,147.0,59.8,277.4,307.3,3820.5,920.3,332.5,44.8,105.3
2025-12-08,28.4,2980.5,1878.0,7560.1,2363.0,1149.4,1695.1,801.0,3461.5,168.2,829.0,2183.4,1784.0,4755.2,301.9,1018.8,618.3,649.1,377.8,14011.4,262.1,121.1,689.0,2392.5,1228.7,140.3,59.0,274.7,295.5,3520.6,887.8,329.4,45.1,102.6
2025-12-09,28.2,2986.1,1924.5,7671.0,2354.8,1110.1,1679.5,795.6,3308.0,157.5,898.7,2324.0,1749.8,4829.2,283.6,981.4,611.4,650.9,360.7,13874.6,259.2,113.3,662.3,2439.1,1052.5,140.4,58.4,283.5,300.4,3139.7,827.2,330.0,43.5,103.6
2025-12-10,26.8,2956.7,1943.4,7670.4,2236.1,1128.6,1648.4,824.7,3332.9,149.9,1023.9,2536.6,1760.0,5198.3,278.3,992.0,635.2,652.9,389.9,13666.3,258.8,108.1,582.9,2650.4,1064.0,138.6,57.1,295.4,307.1,3091.8,819.2,310.1,43.3,106.0
2025-12-11,25.6,2755.3,1822.7,7240.0,2235.2,1094.2,1575.7,822.0,3534.4,141.4,1182.1,2649.9,1715.6,5231.0,268.0,1005.9,638.4,649.5,394.2,13550.1,254.3,108.5,526.0,2545.9,987.5,133.5,56.2,281.4,278.1,3036.1,780.7,291.0,41.7,103.3
2025-12-12,27.8,2998.7,1909.8,7254.4,2357.5,1107.9,1697.7,902.2,3614.9,141.6,1290.7,2877.2,1802.9,5437.3,279.0,1017.0,661.1,659.2,404.5,13848.9,241.8,117.2,509.4,2758.2,1029.5,137.0,59.1,261.5,332.1,3257.1,843.6,322.2,40.8,105.2
2025-12-15,30.1,3103.2,1849.7,6980.6,2396.8,1101.0,1745.0,934.8,3386.3,141.4,1355.3,2980.2,1921.9,5416.5,286.2,1063.9,674.3,676.1,415.7,13830.9,236.0,118.1,502.8,2774.2,1065.4,136.1,59.6,260.9,398.3,3435.9,901.4,327.9,38.7,111.1
2025-12-16,31.0,3308.7,1827.3,7037.1,2415.4,1108.9,1784.4,968.7,3423.8,157.8,1325.9,3045.2,1982.6,5323.2,322.6,1095.6,687.2,688.2,482.1,13818.3,233.3,121.5,489.8,2828.9,1053.7,133.4,70.9,261.4,447.0,3739.2,938.3,351.1,38.5,124.3
2025-12-17,35.9,3268.9,1761.0,6842.0,2344.3,1079.9,1784.5,988.0,3347.5,161.0,1213.5,2843.8,1972.2,4974.1,330.3,1049.2,648.0,688.5,482.2,13545.5,231.0,121.0,451.9,2655.5,1029.3,131.5,74.9,241.5,461.4,4099.1,945.5,356.9,37.4,121.3
2025-12-18,38.8,3307.8,1759.0,6898.1,2279.0,1064.5,1823.3,1017.3,3163.1,189.5,1099.2,2612.9,1977.9,4750.4,346.8,1101.5,615.8,693.0,480.0,13079.8,225.3,118.6,436.0,2724.2,1033.3,130.1,77.8,245.9,474.1,4399.3,972.5,354.8,37.3,132.0
2025-12-19,41.5,3018.6,1836.7,6661.0,2269.0,1158.0,1864.1,1102.4,3155.5,234.8,1079.5,2571.3,2026.8,4581.3,421.5,1169.0,605.7,754.9,483.6,13094.9,229.2,120.6,436.3,2768.8,993.7,144.8,83.8,249.0,483.1,4581.8,1039.6,356.5,40.2,147.6
2025-12-22,42.8,3090.7,1744.9,6865.7,2228.2,1171.3,1856.2,1054.1,3274.5,246.1,1181.3,2473.2,1990.3,4427.3,432.8,1166.6,579.9,750.2,488.6,13273.6,242.5,121.7,448.1,2638.6,940.6,141.0,84.5,241.8,431.1,4568.5,1009.2,352.2,38.8,150.6
2025-12-23,41.1,3154.3,1660.6,6519.5,2202.2,1152.1,1879.6,968.8,3050.0,237.5,1285.7,2324.3,1925.5,4178.9,412.3,1137.3,546.0,721.9,464.8,12854.1,251.5,122.9,419.8,2495.8,949.2,128.6,72.8,224.6,387.4,4334.4,953.9,348.6,37.9,143.3
2025-12-24,35.0,3152.6,1608.7,6223.0,2185.1,1170.2,1873.7,878.7,3005.4,236.5,1278.5,2262.2,1881.6,3913.6,397.8,1145.7,526.9,693.6,443.1,12512.6,247.5,123.0,405.6,2337.6,896.5,116.0,69.0,214.1,374.8,3859.3,928.7,344.8,35.9,138.1
2025-12-25,30.7,2883.7,1497.9,5493.8,2122.6,1120.4,1818.0,792.5,2890.5,207.4,1202.6,2086.0,1745.5,3626.4,362.7,1007.9,497.4,650.3,424.2,11835.3,242.9,124.4,379.1,2098.3,837.0,104.7,64.6,188.7,350.0,3279.7,815.6,327.5,33.8,125.2
2025-12-26,25.5,3050.7,1233.2,4678.7,2062.6,984.5,1675.2,607.2,2792.0,158.2,1139.8,1771.9,1527.0,3330.6,258.8,912.2,423.3,535.1,404.4,10897.5,225.7,115.4,353.5,1642.3,761.6,75.6,54.0,158.4,301.3,2584.8,628.1,288.6,28.3,97.4
2025-12-29,23.6,2999.9,1257.7,4233.5,2134.6,1108.6,1599.6,596.7,2791.3,162.7,990.4,1760.2,1479.8,3220.4,244.8,910.9,418.1,515.4,397.5,10538.8,203.4,146.3,342.9,1543.1,725.2,73.0,52.4,156.8,314.2,2378.8,632.9,291.8,27.0,88.5
2025-12-30,24.5,2832.1,1333.4,4167.3,2120.1,1176.3,1504.8,596.2,2951.3,159.4,838.8,1667.7,1470.7,3148.5,234.7,904.6,432.9,514.4,359.0,10325.1,188.7,144.9,343.5,1441.1,720.0,77.2,52.4,155.0,314.5,2250.5,621.5,278.3,26.4,77.6
2026-01-05,27.4,3369.4,1466.1,4388.0,2308.2,1240.3,1580.5,656.3,2972.2,188.7,900.9,1872.8,1561.4,3757.9,260.6,964.5,488.8,545.6,379.5,11346.8,191.7,156.7,365.6,1621.4,843.2,95.4,58.5,161.5,336.8,2500.3,663.3,305.7,30.7,88.5
2026-01-06,29.0,3820.6,1677.7,4754.1,2555.5,1440.2,1650.5,765.4,3262.3,212.9,1004.0,2171.2,1815.1,4587.6,304.8,1076.9,581.8,591.2,450.5,12820.0,216.1,170.1,424.0,1971.4,1136.1,124.8,62.7,191.0,374.9,3148.8,797.8,362.0,36.3,104.2
2026-01-07,31.8,3798.8,1786.9,4793.5,2652.5,1609.4,1684.1,822.6,3501.5,294.9,1048.1,2381.7,1985.0,5417.1,327.2,1111.0,704.3,613.6,477.0,14635.0,242.1,178.7,449.6,2242.4,1328.3,139.2,64.1,207.7,380.1,3603.0,895.7,404.6,40.4,107.1
2026-01-08,31.1,3852.2,1960.1,4937.6,2705.3,1682.7,1733.2,865.7,3614.6,332.9,1083.9,2550.2,2081.9,6267.7,330.3,1143.9,797.6,608.6,487.9,15278.4,257.5,154.0,535.5,2429.5,1490.5,155.0,63.2,224.9,414.0,3789.5,881.3,417.0,43.4,122.1
2026-01-09,31.7,3854.1,1982.7,5058.3,3312.8,1791.4,1863.6,907.9,3820.0,357.3,1189.3,2762.3,2228.6,7107.0,341.8,1207.1,870.2,627.1,510.7,16477.9,270.3,171.5,657.2,2740.0,1508.9,166.2,64.7,253.7,444.3,4244.9,935.0,435.7,48.6,135.7
2026-01-13,33.2,3746.1,2024.8,5194.4,3580.5,1870.2,1923.1,960.6,3999.4,395.4,1379.8,2970.2,2378.8,7581.3,350.2,1237.8,912.2,648.4,544.5,17444.7,284.8,178.0,747.9,3153.9,1441.2,170.6,65.9,275.2,494.7,4632.4,966.5,460.9,51.0,147.2
2026-01-14,40.3,4033.6,2043.8,5226.5,3744.6,2005.6,1947.4,952.5,4101.4,483.2,1415.3,3109.8,2465.8,8069.2,352.1,1224.8,991.5,668.5,536.0,17896.3,279.8,186.8,788.1,3229.4,1207.9,165.6,68.5,276.5,550.4,4759.6,952.4,464.5,52.1,142.0
2026-01-15,42.4,4197.3,2080.2,5476.7,3893.6,1997.5,2018.0,962.0,4239.9,462.4,1443.0,3278.8,2574.9,8197.7,361.4,1232.3,1031.7,695.8,547.8,17582.7,279.5,195.7,823.9,3352.5,1056.1,170.0,70.4,276.2,636.9,5122.6,949.8,446.8,54.3,148.9
2026-01-16,43.9,4167.7,2004.1,5417.0,3923.4,2032.5,2116.1,965.4,4438.1,467.3,1451.1,3436.4,2745.5,8325.8,370.4,1187.5,1094.8,738.0,562.0,18714.6,283.1,204.6,852.5,3387.7,960.7,164.1,71.9,266.5,651.6,5427.6,942.3,574.3,54.8,136.3
2026-01-19,46.9,4334.4,2002.6,5271.8,3622.9,2013.6,2098.7,973.2,4502.0,457.0,1361.7,3521.5,2852.0,8274.4,358.6,1275.8,1072.7,727.4,570.8,18646.8,280.6,191.7,871.3,3322.0,923.0,154.8,73.8,251.0,666.7,5265.4,923.6,590.2,52.4,123.2
2026-01-20,49.9,4139.8,1935.3,5006.0,3510.2,1952.6,2058.8,914.7,4622.0,398.4,1099.3,3311.0,2866.4,7896.2,335.0,1355.0,1095.0,722.0,526.7,17368.2,271.2,198.2,835.1,2965.5,851.9,141.5,67.3,232.6,630.7,4912.7,858.2,551.9,49.4,113.8
2026-01-21,46.5,4024.8,1919.3,4878.2,3379.4,1771.7,2071.2,922.3,4844.4,308.5,1056.6,3127.3,2846.3,7448.6,346.7,1385.6,1059.5,727.7,508.6,17504.4,268.3,184.8,843.7,2808.3,883.7,136.3,66.2,236.2,576.9,4943.5,925.2,525.0,45.0,118.4
2026-01-22,45.2,4021.1,1911.9,5230.2,3180.9,1740.7,1997.9,910.1,4860.4,256.3,1096.2,2923.8,2860.3,7381.1,339.8,1387.9,1006.0,706.3,471.3,18538.0,286.1,172.7,978.3,2667.1,963.9,130.6,64.5,239.3,520.5,4531.2,932.4,508.4,41.9,114.5
2026-01-23,44.9,4065.8,1995.5,5386.8,3005.2,1546.2,1887.5,868.5,4692.3,212.4,1202.0,2644.2,2732.5,7510.1,329.5,1407.2,911.6,675.1,444.5,18305.4,284.0,164.3,986.2,2636.2,954.0,127.6,62.3,239.7,486.5,4262.8,956.0,382.3,40.4,114.0
2026-01-26,45.8,4452.7,1942.8,5598.0,2801.9,1514.2,1857.5,851.7,4747.7,220.7,1261.5,2587.2,2702.3,7617.3,349.4,1356.9,918.1,685.2,426.9,18916.7,298.6,169.5,999.7,2718.4,979.0,135.1,62.7,245.1,458.7,4315.3,1036.7,375.7,39.6,119.9
2026-01-27,48.7,4622.7,1936.5,5470.7,2537.2,1533.8,1778.4,859.1,4572.6,230.2,1278.5,2573.7,2674.8,7486.3,353.9,1220.6,860.2,654.4,404.7,19614.9,300.4,172.1,1003.3,2627.8,1061.2,136.7,66.8,248.1,430.3,4227.7,1049.8,373.4,38.2,111.7
2026-01-28,47.7,4677.2,1912.1,5829.2,2380.2,1567.7,1716.4,838.0,4818.6,256.3,1246.4,2559.2,2893.0,7421.0,325.0,1215.6,851.8,632.0,374.4,20249.1,321.1,168.9,1000.1,2677.0,1124.7,137.8,66.0,244.3,418.2,3814.0,976.2,373.4,38.8,108.1
2026-01-29,46.6,4937.7,1903.1,5526.8,2405.1,1724.1,1762.1,864.1,4938.9,299.7,1175.9,2616.5,2927.0,7438.8,334.2,1228.3,846.4,636.1,377.5,21011.8,312.1,219.6,878.3,2678.7,1060.7,146.9,70.5,239.8,381.7,3884.8,950.1,389.2,40.2,110.0
2026-01-30,47.8,5505.0,1972.7,5743.3,2446.8,1846.1,1853.5,918.0,5512.2,353.9,1097.1,2733.5,3042.6,6893.5,344.3,1245.1,902.0,659.0,401.2,22656.8,337.5,266.3,807.5,2673.7,1123.3,169.9,76.1,248.1,371.7,3981.4,950.9,511.6,40.3,120.7
2026-02-02,46.5,5804.2,2110.8,5850.2,2491.1,1910.0,1877.2,932.4,6015.1,376.7,1181.7,2739.5,3160.2,6868.6,351.5,1246.9,945.2,684.8,467.4,24560.7,353.4,318.8,745.1,2629.3,1169.0,177.3,78.6,238.5,394.2,4128.9,900.4,548.8,45.0,152.2
2026-02-03,38.7,6212.4,2203.7,6021.0,2600.3,1924.6,1974.8,953.1,6581.8,368.9,1289.3,2828.9,3186.1,7063.7,367.1,1319.9,1031.5,783.1,498.8,25620.9,363.4,341.1,795.2,2899.7,1149.2,187.5,82.0,247.2,404.5,4425.8,922.6,583.9,48.5,174.4
2026-02-04,37.7,6221.5,2185.6,6083.2,2645.2,1925.5,2246.8,957.1,6886.4,370.5,1817.1,3089.6,3187.2,7389.7,393.0,1314.0,1027.8,848.1,551.4,25913.6,350.8,467.3,852.3,3045.8,1048.8,198.5,87.3,252.0,436.8,4872.1,904.8,663.6,51.1,190.5
2026-02-05,37.5,6219.2,2322.6,6152.8,2703.0,1875.9,2381.9,978.2,7136.0,353.0,2070.7,3301.9,3427.1,7568.0,396.8,1341.4,1034.9,910.0,574.9,25629.2,343.5,467.1,945.4,3253.8,1049.9,201.5,91.4,260.3,529.1,5196.0,915.9,728.2,51.7,219.3
2026-02-06,48.7,6115.8,2195.5,5999.0,2848.6,2067.6,2463.4,954.0,6764.0,333.0,2334.0,3380.3,3549.7,7982.8,401.2,1463.4,1082.1,912.2,587.9,24811.9,316.2,450.1,1099.9,3701.5,1043.2,191.6,104.0,261.4,583.7,5474.9,898.6,637.4,52.6,227.1
2026-02-09,54.1,6216.0,2174.5,6327.8,3218.5,2343.8,2623.0,1047.5,7644.1,337.0,2415.0,3576.4,3744.8,8795.6,430.6,1565.5,1206.0,937.3,560.9,24854.2,312.6,407.2,1224.4,4549.0,1003.8,203.9,111.1,284.1,623.1,5802.7,927.3,630.1,54.9,212.4
2026-02-10,62.0,6088.3,2114.4,6954.8,3296.7,2546.5,2755.2,1114.2,8287.0,378.1,2537.4,3719.3,3939.7,10293.9,505.2,1621.7,1209.0,893.1,566.9,24531.8,323.9,438.1,1289.9,4876.4,982.5,219.8,114.4,282.9,648.6,6197.8,946.0,608.5,56.1,198.9
2026-02-12,66.2,5963.2,2146.1,7134.9,3460.6,2893.0,2748.1,1279.1,8557.2,471.2,2317.6,3838.7,4288.5,10813.4,552.9,1704.1,1273.8,958.9,563.2,24455.5,380.9,439.1,1379.2,5108.4,1056.7,248.3,113.9,333.7,676.0,6329.5,998.2,580.1,57.5,194.9
2026-02-13,71.1,5900.6,2150.3,7532.5,3705.8,3061.6,2965.0,1389.4,9038.2,584.7,2435.5,3830.8,4315.6,11175.7,590.7,1820.6,1388.3,978.4,584.6,25681.5,413.9,532.7,1400.6,5341.1,1121.2,283.8,113.8,405.6,687.0,6247.3,1131.9,538.5,58.9,179.8
2026-02-16,61.6,5410.3,2123.9,7582.1,3681.4,2996.8,2994.5,1421.1,9075.7,594.3,2322.1,4121.4,4280.5,10880.3,635.8,1744.0,1416.5,996.4,565.6,24551.3,449.9,518.8,1316.6,4962.7,1110.3,283.3,107.0,499.0,661.2,6182.8,1199.0,499.7,62.1,176.9
2026-02-17,53.3,4581.9,2211.2,7135.3,3262.1,2754.9,2937.6,1312.9,7658.3,613.4,2189.7,4109.9,3995.6,9948.2,602.3,1590.5,1304.7,952.8,540.5,22219.4,453.0,514.9,1268.1,4094.7,1117.3,268.9,96.3,548.8,597.6,5748.0,1183.6,453.1,57.6,164.5
2026-02-18,45.4,4066.4,2316.8,6400.1,3171.8,2626.6,2794.0,1204.8,6685.0,614.4,2022.7,4069.5,3828.0,8538.1,534.4,1482.1,1301.8,946.3,525.4,21275.0,462.0,469.6,1251.1,3583.1,1154.3,251.5,89.4,567.6,572.5,5133.3,1213.8,450.3,54.5,170.8
2026-02-19,41.6,3884.9,2414.0,5921.8,3038.3,2301.1,2590.9,1065.8,5971.3,542.6,1780.2,3848.7,3350.0,7986.9,491.8,1347.2,1313.0,848.4,491.7,20496.6,422.5,445.0,1155.0,3152.9,1125.3,214.0,89.2,629.7,527.9,4713.9,1198.9,468.6,51.9,166.6
2026-02-20,38.8,3565.7,2666.3,5149.3,2713.8,2082.0,2206.8,930.4,5424.3,456.9,1396.1,3812.0,3053.7,7674.6,470.1,1169.6,1254.5,803.3,489.4,17956.8,394.9,342.3,1082.1,2873.2,1092.2,174.7,85.5,618.0,440.8,4404.5,1094.7,488.1,50.1,171.5
2026-02-24,38.4,3665.2,2766.6,4999.1,2696.8,2042.4,2134.2,932.3,6426.4,450.9,1333.7,3543.4,3077.3,8323.0,446.7,1141.6,1262.5,794.5,526.5,19246.9,376.4,404.3,1321.2,2949.8,1045.1,181.7,84.2,554.2,421.0,4301.2,1098.6,558.3,48.6,172.3
2026-02-25,39.1,4050.7,2680.8,5056.1,2850.8,1997.6,2109.6,1022.7,7909.3,420.7,1336.1,3488.7,3232.9,8934.2,473.5,1185.7,1325.7,819.3,538.4,20990.8,372.8,545.1,1547.2,3021.8,1019.3,196.7,87.6,509.6,566.3,4585.9,1106.8,596.2,52.4,180.2
2026-02-26,40.8,4296.7,2621.4,5275.6,2924.5,1960.0,2231.1,1122.7,9665.9,397.8,1465.5,3393.3,3329.3,9097.7,484.0,1235.9,1384.6,813.8,563.1,22391.0,376.3,628.6,1679.6,3074.4,945.9,200.7,88.4,548.4,616.9,4801.8,1110.2,693.2,54.6,177.5
2026-02-27,42.0,4402.8,2707.7,5594.1,3016.6,2346.2,2397.9,1190.4,10678.0,389.1,1804.8,3692.4,3505.1,9209.1,535.2,1365.9,1503.4,1047.4,597.2,23213.7,383.7,706.1,1771.1,3373.5,948.8,235.4,90.7,474.6,688.3,5259.3,1176.1,728.7,57.9,185.9
2026-03-02,42.4,5032.8,2357.2,5681.4,3040.4,2352.1,2418.7,1200.3,11880.6,546.4,1970.8,3762.3,3657.0,9082.2,556.2,1413.2,1487.7,1057.7,616.9,23120.7,395.2,815.7,1846.3,3562.1,946.1,286.1,93.4,462.3,728.0,5803.6,1174.3,987.6,62.1,231.5
2026-03-03,45.0,5687.2,2382.6,5569.9,3111.0,2295.5,2440.1,1227.0,12910.6,643.3,1955.5,3973.3,3919.2,8801.8,565.5,1434.1,1419.2,1088.5,635.5,23447.5,422.0,861.9,1758.6,3864.9,1005.5,319.1,98.5,472.4,771.2,6090.2,1167.6,1084.0,68.5,274.6
2026-03-04,49.7,6627.5,2401.8,5819.6,3163.0,2441.6,2534.9,1239.2,13378.2,735.3,2082.1,4260.5,4106.4,8830.9,603.6,1512.4,1408.4,1150.4,716.4,23935.3,453.2,821.3,1622.4,4152.2,1103.9,342.1,106.9,507.1,713.8,6433.5,1248.4,1193.2,71.1,304.8
2026-03-05,50.1,7018.0,2406.8,5815.7,3089.2,2477.1,2479.1,1217.7,13022.2,855.0,2038.1,4449.1,4268.0,8812.5,641.3,1547.0,1368.9,1181.2,738.9,23813.2,447.0,793.7,1574.6,4338.1,1178.7,377.1,112.3,495.4,699.0,6704.0,1276.9,1204.1,74.0,334.4
2026-03-06,47.9,7219.9,2294.9,5436.3,3159.7,2048.5,2299.2,1138.4,12860.1,887.8,1698.3,4134.0,4045.2,8456.7,597.7,1468.5,1198.8,946.8,711.0,22851.1,425.6,647.8,1495.8,4138.3,1139.0,368.3,105.6,473.0,624.0,6230.5,1174.1,1161.2,72.6,336.4
2026-03-09,49.3,7613.3,2334.9,5728.7,3340.3,2085.0,2403.4,1180.6,12468.4,1002.9,1671.4,4227.9,4209.3,8630.6,605.6,1523.9,1229.1,985.2,701.3,24375.3,435.3,547.5,1555.7,4032.7,1200.6,359.9,113.6,474.9,654.6,6128.5,1240.9,998.9,71.4,332.4
2026-03-10,45.0,7286.4,2205.3,5804.9,3253.3,2002.4,2361.7,1147.5,11058.5,961.0,1818.0,4012.9,3928.5,8437.7,600.3,1502.7,1222.4,962.0,665.6,23558.5,425.3,464.8,1449.6,3668.4,1148.3,345.2,103.3,460.7,609.3,5810.1,1201.1,922.9,65.6,309.2
2026-03-11,39.6,6168.4,2090.7,5579.8,3081.2,1767.1,2183.8,1069.3,10119.8,900.5,2189.2,3575.2,3604.2,7722.2,541.9,1380.8,1171.4,874.8,569.4,22324.1,423.5,387.8,1336.3,3214.4,1031.4,313.9,92.9,429.6,536.4,5023.7,1081.3,893.8,57.3,289.3
2026-03-12,38.4,5781.4,2050.7,5471.3,3076.9,1630.3,2098.6,1071.9,9509.2,859.3,2350.7,3321.9,3430.8,7409.6,493.1,1320.7,1129.2,844.9,528.6,21702.4,509.6,328.1,1189.3,3022.5,997.5,291.1,87.9,391.0,515.6,4683.2,1005.8,868.0,52.5,264.6
2026-03-13,39.5,5687.6,1984.5,5421.8,2902.8,1628.5,2116.5,1111.8,9648.0,905.9,2547.2,3425.2,3565.7,7336.3,498.2,1313.9,1149.6,847.4,540.5,21776.2,571.2,321.4,1149.8,3170.9,1034.1,284.9,89.5,393.5,517.7,4761.6,1040.0,885.3,53.7,269.9
2026-03-16,37.3,4776.4,1871.2,4890.2,2565.9,1489.7,1942.6,1030.3,9465.0,672.6,2601.0,3124.7,3255.5,6589.0,438.1,1204.7,1077.8,767.6,499.2,20408.5,564.5,279.2,1001.7,2905.7,921.8,246.2,75.3,354.5,446.6,4154.0,929.3,812.0,50.8,229.6
2026-03-17,36.6,4303.7,1847.4,4545.8,2369.6,1437.5,1793.5,963.5,9327.7,697.6,2452.0,3014.9,3055.0,6193.3,394.1,1127.1,1006.4,727.5,469.2,20341.6,543.1,244.0,900.4,2709.6,877.7,220.8,68.2,333.1,419.1,3721.6,861.6,920.3,47.8,213.7
2026-03-18,37.3,4151.6,1825.4,4243.0,2269.9,1470.8,1712.3,958.6,8709.2,743.4,2016.1,3218.5,2976.2,6059.3,378.6,1116.2,981.9,743.9,472.4,20374.9,524.5,238.7,825.6,2704.6,998.6,232.2,65.2,332.7,406.7,3672.4,855.7,1211.0,47.6,229.9
2026-03-19,39.4,4289.0,1921.3,4288.7,2343.4,1679.8,1789.2,965.6,8599.3,798.6,1884.2,3682.1,3055.0,6295.6,407.0,1224.4,1018.4,802.0,502.1,20747.2,457.1,252.8,846.8,2842.2,1165.8,278.7,81.4,362.6,428.9,3557.9,944.6,1488.5,54.3,245.1
2026-03-23,40.9,4750.3,1952.8,4335.7,2370.8,1767.8,1802.5,974.8,8073.6,823.2,1758.4,3711.6,3097.8,6529.5,408.4,1306.8,1004.7,832.2,517.4,20941.1,422.4,256.4,863.0,2756.7,1187.3,285.0,92.0,375.1,450.4,3526.2,950.6,1613.0,61.2,240.5
2026-03-24,37.4,4821.4,1947.5,4338.2,2412.2,1801.8,1779.1,987.1,7805.9,847.0,1687.7,3703.4,3056.3,6711.1,421.6,1348.2,998.2,852.4,503.6,21405.2,410.8,256.2,837.2,2737.2,1203.5,287.3,95.0,378.2,436.5,3522.0,973.3,1643.2,64.2,237.4
2026-03-25,38.0,5097.7,1942.2,4625.6,2502.9,1876.4,1802.6,1035.5,7843.3,828.2,1683.6,3718.1,3087.2,6761.7,448.8,1393.9,1038.1,910.8,522.6,21201.1,415.7,267.7,872.5,2825.5,1260.5,292.1,101.0,369.3,460.6,3832.2,1534.8,1535.2,67.8,240.5
2026-03-26,39.3,5081.4,1941.6,4890.1,2504.2,1831.0,1839.6,1022.2,8484.7,796.5,1579.5,3468.9,3056.9,6608.4,460.1,1409.0,1062.1,936.4,525.6,20706.0,408.6,271.8,913.7,2830.2,1121.0,277.4,108.2,341.0,461.3,3789.2,1854.2,1228.5,68.9,204.4
2026-03-27,42.4,4877.2,1886.9,5034.1,2496.7,1667.1,1819.9,1023.5,8718.9,775.4,1507.2,3226.3,2924.4,6292.8,459.4,1347.2,1076.9,1032.5,557.9,20298.6,414.2,262.4,866.1,2698.2,970.9,247.8,96.6,309.1,443.1,3948.7,1926.1,990.2,70.7,187.3
2026-03-30,43.0,4621.8,1875.3,5189.4,2590.0,1639.0,1812.9,994.7,8597.0,837.2,1492.7,3325.6,2833.9,6053.3,454.7,1338.3,1099.8,1112.4,565.6,20199.9,421.1,259.1,852.7,2775.3,962.7,287.0,90.3,287.8,437.8,3986.5,2057.9,881.7,66.3,181.0
2026-03-31,45.7,4921.3,1932.1,5400.8,2705.9,1700.9,1883.0,1027.0,9208.2,864.6,1407.1,3521.2,3005.2,6145.3,464.9,1386.3,1132.5,1162.2,585.6,21109.5,447.8,266.8,870.2,2863.8,1014.3,325.1,89.6,280.9,444.1,4140.8,2189.1,887.8,65.5,180.1
2026-04-01,46.4,5008.2,1967.6,5404.9,2761.4,1650.8,1998.8,1010.8,9238.0,892.9,1356.8,3569.3,3085.7,6248.7,458.1,1430.3,1158.8,1147.0,577.5,21213.2,456.2,264.5,826.2,2929.5,1046.6,344.9,92.6,292.7,430.3,4392.9,1778.9,993.3,69.8,171.9
2026-04-02,45.5,5557.1,2031.9,5476.7,2813.5,1697.0,2047.8,1018.1,9302.3,1128.4,1407.7,3635.8,3175.2,6776.9,456.1,1457.0,1176.7,1128.6,575.2,22192.8,441.8,257.6,829.0,3005.9,1105.6,369.2,87.5,306.3,424.1,4603.3,1528.9,1036.3,75.5,193.7
2026-04-03,38.3,5268.6,1818.5,4965.6,2607.6,1611.7,1882.8,892.4,9148.4,1088.5,1290.7,3202.2,2943.4,6416.7,389.9,1348.1,1052.6,919.6,473.9,21079.6,391.3,235.1,777.6,2780.8,1048.5,330.6,78.3,290.3,378.6,4057.5,1293.8,976.9,68.6,183.4
2026-04-06,32.9,4894.2,1629.5,4402.7,2370.0,1453.7,1747.7,817.4,9358.0,966.5,1138.2,2744.6,2679.0,5983.5,338.7,1199.1,949.8,736.8,394.2,20301.9,335.1,213.2,715.9,2401.9,968.5,268.6,69.2,268.9,326.7,3627.1,1108.9,976.7,61.9,170.5
2026-04-07,32.2,4353.8,1497.6,4291.6,2256.5,1311.9,1665.1,746.5,8678.9,888.2,1056.5,2410.9,2367.7,5658.4,306.0,1093.2,885.0,639.0,351.5,18715.1,285.7,201.7,695.3,2247.4,888.0,237.5,65.2,248.7,293.7,3341.0,944.5,938.5,56.9,158.5
2026-04-08,37.5,4703.4,1497.4,4365.5,2399.9,1393.5,1638.6,841.2,9457.1,935.9,1161.1,2508.9,2649.4,6016.7,331.3,1108.3,913.6,652.1,367.3,20946.0,280.9,206.9,825.9,2349.6,868.3,260.1,65.2,281.3,318.5,3370.6,918.5,999.5,51.8,188.9
2026-04-09,38.7,4227.7,1466.2,4155.9,2688.8,1460.6,1631.4,886.0,10156.5,695.8,1158.5,2496.8,2690.1,5708.5,347.6,1105.9,874.6,658.0,362.1,21490.3,287.6,191.6,894.5,2321.2,846.9,262.3,64.3,272.8,317.3,3289.1,922.7,950.3,45.9,181.0
2026-04-10,41.2,4533.6,1592.9,4559.9,3287.8,1522.0,1784.3,922.4,11185.9,648.5,1323.0,2670.3,2830.6,6142.6,379.3,1155.3,945.8,689.6,378.8,24694.3,309.8,251.8,1046.9,2432.9,949.4,285.9,67.3,283.4,321.6,3541.7,1001.0,960.8,43.2,184.2
2026-04-13,42.3,4486.4,1643.3,4750.1,3533.7,1570.5,1877.2,939.5,12010.3,628.2,1412.5,2703.6,2916.1,6368.4,394.6,1193.9,970.0,725.7,383.7,26202.1,385.8,388.4,1314.8,2472.5,978.7,286.5,69.8,297.8,323.1,3659.9,1018.3,920.9,44.2,193.9
2026-04-14,42.4,4672.2,1664.0,5266.2,3693.3,1643.5,1944.3,1005.4,12815.8,612.2,1491.4,2781.6,3018.4,6544.9,416.7,1218.5,990.9,764.5,388.7,29178.4,440.5,507.4,1434.5,2494.8,1000.5,276.3,70.6,302.8,333.8,3833.1,1035.6,897.6,46.4,194.2
2026-04-15,36.1,4168.9,1624.1,5785.9,3621.5,1579.8,1910.4,921.2,13227.9,513.4,1433.9,2615.0,2778.9,6321.2,390.1,1137.8,951.0,742.2,370.8,29551.4,475.7,745.5,1458.2,2332.6,975.6,232.8,70.0,264.9,298.1,3573.7,983.6,706.0,45.5,171.8
2026-04-16,34.4,4503.9,1588.3,6569.4,3444.8,1502.7,1988.6,870.3,12588.6,488.2,1434.5,2544.6,2688.8,6524.4,371.1,1109.3,971.6,712.3,389.2,30764.0,540.0,852.4,1467.0,2401.8,942.6,209.1,73.9,264.0,284.5,3573.8,940.4,645.5,44.3,166.1
2026-04-17,33.0,4322.5,1575.9,6635.2,2959.4,1508.8,1964.4,879.4,11435.0,493.1,1382.3,2476.3,2685.8,6399.5,360.1,1055.9,954.2,708.2,389.5,30244.5,597.6,1014.5,1448.7,2323.9,852.6,199.4,75.3,260.8,283.3,3659.5,958.4,573.6,44.0,175.9
2026-04-20,34.0,4285.8,1636.5,6999.8,2729.0,1507.6,1930.2,860.0,10334.8,492.6,1330.7,2427.6,2693.0,6493.7,365.0,1019.4,971.3,710.0,387.6,30221.0,575.1,989.8,1233.5,2351.4,839.9,200.4,79.9,250.9,299.8,3625.5,977.9,554.6,44.4,172.4
2026-04-21,34.1,4156.6,1731.7,7239.6,2609.9,1456.2,1938.9,782.3,9550.7,483.4,1241.5,2340.3,2694.6,6361.8,364.7,989.3,1007.1,708.5,383.8,28140.1,591.6,900.5,1194.6,2389.4,830.1,198.6,85.8,256.2,311.5,3610.1,990.3,504.9,44.2,175.9
2026-04-22,36.7,4102.8,1854.8,8013.8,2539.1,1391.2,1959.2,749.5,8163.8,447.6,1151.2,2276.9,2612.5,6330.7,356.4,997.3,1055.3,698.6,352.8,26658.9,596.7,812.6,1124.2,2379.0,844.9,196.2,83.5,253.9,317.4,3472.9,967.9,437.9,42.1,166.9
2026-04-23,37.6,4143.7,1879.3,8633.5,2525.5,1349.4,1960.9,758.2,7883.0,479.8,1107.4,2301.3,2670.9,6710.8,352.2,1045.3,1094.6,725.9,324.9,26443.3,589.6,832.9,1143.5,2364.4,883.2,201.0,86.9,252.1,337.4,3465.9,1091.1,406.7,44.0,186.3
2026-04-24,37.7,4199.0,1947.1,9171.4,2522.7,1291.3,1985.8,736.5,7434.2,479.2,1146.8,2299.0,2710.4,6842.3,342.1,1130.6,1096.1,716.8,327.2,26418.8,551.7,687.8,1122.7,2464.5,864.1,192.9,85.9,240.3,359.9,3205.8,1084.8,404.5,44.8,178.7
2026-04-27,37.9,4690.1,2133.5,9895.0,2673.4,1323.2,2004.4,788.7,7562.7,438.2,1218.8,2387.4,2754.2,7144.5,336.7,1215.9,1129.9,721.9,388.1,27921.6,574.6,641.3,1148.8,2515.0,826.1,186.0,95.3,250.9,373.7,3257.5,1088.8,411.2,45.1,178.0
2026-04-28,37.5,4811.0,2216.9,9987.8,2749.2,1625.3,2116.9,840.3,7743.2,417.0,1292.1,2536.5,2813.0,7649.1,439.6,1328.7,1119.9,782.8,469.2,29927.8,563.8,678.6,1115.5,2658.4,882.6,183.6,101.4,259.2,388.1,3674.1,1157.0,465.1,48.3,193.2
2026-04-30,37.5,4973.4,2258.2,9332.9,2894.6,1850.2,2234.1,946.5,7641.8,434.7,1427.8,2814.2,3083.6,7871.3,485.9,1446.3,1251.4,926.8,549.9,31731.5,680.5,593.0,1160.1,2841.5,959.6,211.0,107.6,269.8,417.1,3855.6,1222.0,580.2,52.4,229.9
2026-05-01,36.3,4407.6,2250.6,8302.0,2773.7,1852.8,2111.2,919.8,6874.6,364.3,1471.4,3878.2,3092.2,7252.5,490.6,1466.2,1207.8,1022.0,577.0,30803.7,671.2,503.6,1162.3,2742.6,1006.5,203.7,103.1,268.4,411.5,3703.7,1053.9,585.2,55.8,231.5
2026-05-07,38.3,5018.8,2377.7,8905.4,3082.0,2013.4,2220.9,1042.1,7710.9,390.2,1606.5,4962.5,3578.0,7939.8,562.2,1570.5,1447.6,1145.7,653.0,30833.6,674.2,507.4,1333.1,2987.9,1131.7,229.0,112.0,305.2,451.1,4305.3,1129.3,631.1,61.9,281.7
2026-05-08,40.2,4772.5,2330.5,8806.5,3339.2,2113.1,2339.1,1056.4,7889.8,393.9,1783.0,5304.4,3807.9,8275.4,604.8,1690.1,1525.4,1226.1,638.8,32976.4,893.4,506.1,1512.1,3429.0,1223.7,247.1,104.1,306.1,493.3,4537.8,1155.3,624.1,65.7,299.0
2026-05-11,40.8,4693.3,2243.5,8885.9,3444.0,1945.0,2264.1,1046.5,8197.1,391.8,2175.9,5426.1,4211.1,8191.5,561.5,1891.3,1591.0,1207.0,566.7,34500.2,1028.1,477.5,1659.5,3466.8,1202.4,246.4,98.1,290.9,570.8,4226.0,1074.7,651.5,64.9,293.5
2026-05-12,40.0,4589.4,2028.1,8636.3,3423.3,2050.3,2161.1,977.9,10307.8,349.3,2290.9,5284.6,4304.6,8346.9,627.6,1874.2,1485.9,1099.4,497.4,34542.9,1007.0,413.7,1797.9,3530.2,1101.0,230.0,93.2,277.4,574.5,4075.5,1057.4,578.7,65.2,254.9
2026-05-13,41.5,4717.0,2110.7,8616.1,3564.9,2279.3,2288.2,991.3,12979.2,387.8,2492.6,4417.9,4775.6,8742.4,668.1,1930.7,1652.6,1014.9,458.5,35954.8,1145.3,429.9,1915.2,3797.2,1030.9,252.0,96.0,278.0,595.8,4261.9,1117.6,588.5,64.0,232.0
2026-05-14,51.4,4243.7,1968.5,8011.9,3365.5,2414.7,2281.6,1022.5,14083.6,350.7,2460.4,3501.8,4831.3,8607.8,637.2,1855.9,1567.1,954.6,378.7,39788.8,1246.7,379.9,1895.2,3871.1,907.0,274.8,100.8,275.3,594.0,4004.0,1040.1,565.9,60.8,178.1
2026-05-15,57.6,4426.4,1858.0,7907.4,3108.1,2481.3,2345.8,1079.9,15632.1,345.3,2462.6,3353.7,5050.4,8602.0,642.1,1810.4,1585.0,994.4,347.1,39282.1,1081.4,327.3,1825.8,3949.4,846.4,287.2,116.1,391.8,582.5,4149.7,1104.5,536.3,65.1,157.9
2026-05-18,60.1,4666.5,1787.7,7348.0,3013.7,2506.2,2775.1,1159.0,16243.0,347.9,2101.9,3220.5,4904.0,8511.1,660.8,1581.8,1606.1,1014.8,335.5,34797.0,1008.4,355.9,1730.7,3953.0,819.2,302.7,127.1,438.8,509.8,4655.4,1176.2,474.3,66.5,149.1
2026-05-19,63.9,4626.2,1820.8,7261.6,2993.5,2245.3,3136.2,1205.9,15329.5,349.3,2018.0,3137.5,4777.2,7974.7,608.3,1577.4,1648.1,1013.1,326.9,36434.7,912.0,368.8,1550.4,3714.5,800.8,297.9,134.4,459.3,498.5,5111.0,1264.2,447.4,65.6,147.1
2026-05-20,64.8,4905.3,1764.9,7600.1,2979.3,2142.9,3273.6,1302.5,14242.3,331.5,1879.4,2997.2,4479.6,7602.5,634.5,1497.2,1546.6,1028.5,336.2,36479.1,789.8,318.4,1378.6,3485.4,804.5,279.0,136.2,475.5,502.5,5505.8,1356.7,451.3,66.9,146.9
2026-05-21,54.8,4978.6,1649.7,7476.4,2817.9,1913.7,3187.6,1223.3,13051.3,306.1,1730.1,2826.1,4096.0,6981.9,671.5,1431.1,1415.0,1012.1,337.8,37235.4,709.0,295.6,1203.9,3134.1,775.4,231.6,126.9,452.3,456.8,5901.0,1575.2,429.3,69.1,149.9
2026-05-22,47.4,4835.0,1580.6,7980.4,2742.3,1743.3,3088.1,1208.1,11810.9,284.8,1586.3,2631.3,3815.3,6313.3,675.5,1330.5,1326.5,939.7,331.8,36108.3,634.2,306.4,1227.9,2699.7,736.1,207.0,111.3,332.7,413.4,5920.3,1577.8,421.6,65.9,145.4
2026-05-25,48.6,4942.1,1557.9,8872.9,2694.8,1647.9,2796.0,1163.3,10899.0,285.7,1545.4,2568.5,3761.3,6061.5,625.6,1324.3,1268.6,887.9,340.3,41785.0,582.3,289.3,1294.3,2585.6,691.0,191.0,99.9,305.5,397.3,5501.8,1554.2,393.5,66.5,166.4
2026-05-26,45.6,4970.2,1519.1,10019.0,2536.4,1668.6,2533.8,1139.1,10459.5,276.2,1404.6,2532.2,3676.1,6057.6,601.2,1241.4,1150.0,878.7,336.8,41269.0,565.6,271.7,1366.2,2618.8,671.3,176.7,92.0,295.2,365.3,5132.3,1458.0,382.1,67.5,169.6
2026-05-27,49.9,4917.7,1468.6,10919.0,2558.3,1553.2,2545.3,1093.9,9805.0,252.2,1343.2,2502.8,3723.4,6023.0,585.9,1230.0,1129.9,883.6,337.2,44754.7,526.6,288.8,1470.3,2681.0,662.8,165.8,93.1,293.5,350.9,4792.9,1385.9,362.3,66.7,171.1
2026-05-28,52.3,5028.3,1492.2,11296.0,2652.7,1547.9,2864.4,1057.7,9644.9,256.8,1386.8,2934.9,3797.8,5883.8,555.3,1246.1,1160.9,897.8,352.7,44611.7,533.5,285.8,1522.3,2796.0,746.3,180.8,95.2,296.3,355.5,4490.9,1191.1,367.9,67.7,171.0
2026-05-29,53.1,5154.5,1823.8,11749.1,3314.0,1711.8,3430.9,1193.3,10280.5,315.6,1531.1,3621.1,4788.3,6372.1,672.4,1510.9,1428.9,1153.5,448.8,50851.9,665.6,300.5,1514.4,3232.8,875.8,230.9,101.6,366.0,422.5,4844.9,1621.4,438.8,68.6,266.5
2026-06-01,50.2,5076.9,1901.2,12197.8,3373.2,1704.4,3492.8,1201.1,10011.8,314.7,1541.4,3814.3,4870.3,6354.7,691.1,1567.8,1459.1,1211.9,458.6,53330.3,786.4,256.9,1533.2,3378.1,899.2,240.0,109.0,351.9,470.7,4770.0,1635.4,473.4,68.0,248.7
2026-06-02,50.0,5458.1,1936.8,12800.9,3504.8,1685.4,3580.9,1217.7,9492.6,332.4,1599.7,3882.1,4998.8,6490.5,702.6,1638.1,1525.1,1226.7,502.5,57242.2,868.3,251.0,1620.6,3531.4,914.2,252.3,114.5,346.6,520.3,4778.7,1646.7,500.9,71.2,252.5
2026-06-03,44.1,5895.5,1926.6,12286.0,3442.4,1703.8,3497.9,1165.8,9585.8,338.8,1617.1,3871.1,4986.4,6641.1,716.3,1621.5,1514.3,1226.9,520.7,59631.0,964.0,232.4,1627.5,3664.3,908.5,269.3,115.3,338.1,520.8,4924.7,1623.5,507.2,69.3,249.7
2026-06-04,39.2,5853.8,1934.4,12353.3,3423.8,1683.1,3158.5,1171.8,9027.2,315.8,1527.1,3420.1,4848.1,6820.0,713.7,1586.7,1501.0,1219.5,502.7,59498.9,977.5,224.0,1672.8,3616.2,844.0,254.0,110.9,329.3,516.0,5055.7,1599.5,520.0,65.3,249.1
2026-06-05,36.5,5840.4,1602.5,11393.9,2712.5,1482.5,2559.5,952.8,7595.4,244.7,1361.7,2662.8,3733.5,6274.1,591.3,1320.7,1225.9,966.6,420.5,56603.1,896.9,188.2,1624.9,3096.0,719.5,201.0,105.9,250.5,446.1,4623.8,1086.8,504.1,61.0,156.4
2026-06-08,34.8,6303.2,1575.9,10470.7,2697.3,1458.0,2419.6,934.5,7315.0,226.7,1440.0,2512.7,3648.5,6376.3,585.4,1294.3,1229.1,950.2,431.7,56378.9,831.6,183.7,1613.4,2979.4,709.9,197.5,103.8,262.7,433.4,4794.5,1122.8,517.7,61.8,155.8
2026-06-09,33.0,6352.6,1560.4,8967.7,2651.4,1435.3,2286.1,901.4,7204.0,204.1,1430.6,2388.2,3495.0,6103.7,573.7,1275.4,1175.9,956.2,425.4,55504.0,801.0,176.2,1486.8,2876.3,711.5,201.7,106.3,261.7,403.3,5043.9,1213.2,555.0,58.6,149.0
2026-06-10,32.0,6075.7,1542.0,8453.0,2605.8,1420.6,2242.5,980.6,6555.7,196.9,1537.1,2359.9,3350.5,5813.9,532.5,1312.5,1150.2,959.8,405.4,54973.5,768.8,166.0,1391.3,2723.9,668.3,195.9,112.1,270.7,393.8,5343.5,1281.8,579.9,60.9,143.6
2026-06-11,32.5,6304.5,1495.5,7886.7,2630.1,1389.7,2235.3,1041.0,6466.6,211.1,1564.1,2371.9,3334.0,5557.4,524.2,1426.2,1124.2,983.3,402.8,57685.7,789.6,165.0,1314.4,2777.6,669.5,195.3,115.3,292.1,397.3,5287.8,1322.1,571.8,60.6,140.7
2026-06-12,34.0,6661.9,1520.2,7952.7,2826.5,1435.1,2385.6,1098.7,6673.8,228.6,1578.5,2561.8,3566.0,5930.2,544.0,1598.4,1211.1,986.2,410.9,60970.7,815.7,179.3,1294.5,2878.8,680.5,210.1,115.9,327.8,432.0,5643.7,1418.2,543.2,60.3,150.7
2026-06-15,32.3,6612.7,1440.9,7947.5,2749.4,1528.0,2314.7,1117.9,6567.9,247.8,1454.7,2534.8,3548.6,6371.9,528.0,1597.2,1154.3,959.5,405.1,61553.1,844.3,180.2,1221.0,2838.3,674.1,205.6,112.9,349.0,424.8,5847.7,1358.8,540.2,55.7,180.9
2026-06-16,30.9,6507.8,1354.2,7876.9,2739.8,1515.5,2236.6,1180.9,6997.2,263.8,1423.7,2500.9,3517.9,6543.3,517.7,1538.3,1155.2,934.3,370.8,63816.9,864.2,174.3,1265.9,2724.3,636.6,194.2,103.6,351.9,415.7,5708.7,1232.1,492.0,51.1,192.1
2026-06-17,30.4,6391.3,1307.6,7675.1,2721.9,1497.5,2115.3,1123.6,6967.1,279.1,1253.8,2388.0,3430.4,6793.6,516.4,1528.8,1180.9,894.4,380.2,63134.0,819.2,180.9,1258.5,2749.1,631.6,185.3,95.4,338.9,402.2,5376.9,1144.9,481.0,47.6,200.8
2026-06-18,30.2,6503.2,1310.5,7824.3,2705.0,1514.8,2097.8,1068.6,7179.6,274.7,1223.4,2346.9,3437.3,7168.7,539.4,1510.8,1203.4,865.8,398.2,63754.4,830.6,193.2,1344.2,2746.2,601.5,195.4,97.8,329.5,392.0,5425.7,1112.9,503.1,49.4,200.9
2026-06-19,30.6,6400.4,1368.3,8149.6,2795.1,1599.4,2056.0,1096.5,7119.5,282.7,1226.4,2484.0,3490.6,7196.2,571.6,1502.0,1183.9,964.2,411.1,65338.9,821.2,191.0,1406.2,2800.3,614.6,236.6,110.7,334.9,379.1,5498.9,1096.6,518.8,61.5,193.2
2026-06-22,31.2,6273.6,1326.7,7713.1,2820.5,1465.1,2005.5,1035.4,7851.4,252.4,1238.5,2321.1,3352.8,6509.9,558.7,1528.5,1172.1,934.9,389.4,63994.5,734.2,204.3,1425.4,2662.3,613.9,229.6,108.1,293.4,357.7,5046.8,1031.9,481.9,65.2,154.7
2026-06-23,34.2,6749.9,1342.0,7569.5,2928.1,1472.6,2038.2,967.1,9867.3,229.4,1244.6,2405.6,3441.4,6497.7,574.8,1596.5,1174.3,933.6,401.2,65543.6,746.7,214.0,1377.6,2648.5,638.6,229.7,112.1,286.1,371.6,4924.9,1068.1,478.9,68.5,143.2
2026-06-24,35.1,7325.1,1336.8,7490.5,2988.6,1450.4,2035.4,962.6,10667.3,207.7,1280.8,2703.6,3503.4,6235.5,575.1,1601.7,1126.5,931.6,411.9,69045.9,775.5,206.0,1368.0,2542.4,670.1,229.0,108.9,284.1,376.7,4685.0,1181.5,456.3,69.5,135.7
2026-06-25,34.0,7549.4,1297.0,7627.8,2997.6,1420.2,1977.2,954.8,10994.3,210.7,1338.8,2906.5,3482.1,5962.3,549.0,1561.9,1096.6,892.8,406.1,67469.1,732.6,188.7,1277.2,2392.6,689.6,224.7,103.9,270.5,386.1,4308.2,1250.3,436.5,66.4,137.7
2026-06-26,32.5,7935.3,1161.3,7057.1,2836.1,1290.5,1841.2,912.7,11315.5,201.1,1361.4,2787.4,3337.5,5488.8,469.5,1495.1,1085.4,753.7,398.8,66537.7,724.3,171.2,1185.7,2306.8,675.3,164.6,87.9,246.4,374.8,3665.8,1197.5,404.4,53.6,135.6
2026-06-29,35.5,7692.3,1329.7,7313.7,3022.7,1363.9,1910.4,990.1,10902.5,210.6,1512.3,3039.2,3430.0,5497.4,485.2,1504.3,1133.1,819.1,439.1,68710.4,741.7,150.6,1169.1,2518.8,674.5,181.7,101.3,269.2,399.2,3780.3,1400.9,408.0,62.8,136.2
2026-06-30,33.6,7118.7,1383.5,7196.7,3012.9,1346.9,1908.1,1014.9,8286.2,215.9,1503.3,3033.6,3269.1,5276.4,475.6,1504.0,1137.6,846.1,445.9,65763.8,702.5,144.8,1118.3,2572.0,669.8,186.7,104.8,272.8,411.7,3703.2,1420.5,400.2,67.0,135.2
2026-07-01,34.1,6644.7,1367.2,7043.5,3042.2,1339.5,1918.4,1000.5,7403.4,212.0,1463.7,2820.8,3269.4,5401.6,468.9,1515.7,1140.7,843.2,439.5,62519.8,869.9,150.1,1107.3,2729.7,696.0,187.4,101.9,276.3,419.9,3598.8,1358.2,412.2,71.8,136.7
2026-07-02,36.4,6284.1,1416.4,6877.9,2996.4,1331.1,2026.6,1008.5,6821.3,198.4,1431.1,2760.3,3243.7,5369.1,479.5,1525.3,1147.0,866.0,451.2,63202.4,1008.3,154.3,1086.0,2946.2,706.4,178.7,101.2,294.0,443.2,3781.9,1363.5,405.1,75.8,178.6
2026-07-03,37.1,5987.6,1499.1,6632.1,2997.3,1299.6,2041.0,984.0,6291.3,179.7,1395.4,2603.3,3146.3,5447.1,487.5,1463.4,1087.6,880.0,442.0,63708.0,1128.7,159.9,1025.2,2886.9,696.0,173.9,100.2,288.5,444.5,3760.0,1350.2,387.9,77.5,191.5
2026-07-06,33.6,5997.3,1388.5,6093.2,2807.9,1227.0,1986.1,915.7,5736.1,163.5,1230.5,2455.2,3069.5,5758.4,452.2,1350.2,1032.5,832.0,434.7,61896.5,1304.2,162.5,950.1,2839.8,666.4,153.7,82.3,275.3,419.3,3648.3,1212.7,380.3,70.6,203.6
2026-07-07,32.4,6187.1,1407.5,5977.2,2877.2,1224.3,2028.3,889.8,5452.8,162.2,1233.6,2519.5,3139.1,6020.0,453.9,1345.6,1044.9,828.9,483.3,62181.4,1434.0,176.7,943.7,2995.8,662.8,143.1,76.5,294.4,408.3,4138.9,1243.5,434.0,69.9,209.5
2026-07-08,32.1,6369.7,1480.5,6098.5,3018.0,1245.3,2088.3,895.6,5272.4,180.0,1243.7,2554.3,3106.4,6056.4,460.6,1398.7,1071.6,840.1,492.3,63129.1,1349.3,171.2,923.2,2893.4,645.5,144.1,76.2,301.4,400.9,4431.6,1259.8,431.3,67.2,216.3
2026-07-09,30.8,6169.9,1427.5,5538.5,3178.0,1237.4,2048.2,864.1,5181.1,187.4,1172.0,2396.5,3013.0,5917.6,445.7,1350.1,1088.9,844.6,484.1,61668.4,1256.8,168.3,882.0,2685.3,625.0,143.8,75.2,294.2,359.2,4263.4,1186.6,420.8,64.5,174.7
2026-07-10,32.0,5754.5,1364.4,5749.8,3471.2,1249.0,2056.8,840.8,5069.2,192.4,1109.0,2419.9,2939.0,5841.2,447.2,1357.6,1119.8,849.2,493.9,58302.9,1221.4,171.1,864.8,2701.5,619.5,149.1,71.2,287.6,354.1,4390.4,1212.2,437.1,65.1,160.6
2026-07-13,33.4,5662.7,1313.1,5864.5,3686.5,1223.8,2014.7,807.9,5120.0,194.5,1136.3,2372.9,2832.3,5507.7,452.3,1360.3,1131.9,826.4,477.3,58870.8,1393.4,167.9,843.1,2531.2,627.2,153.2,71.9,273.6,344.3,4567.1,1179.8,423.8,59.8,148.9
2026-07-14,37.5,5384.6,1237.0,6070.3,3661.5,1159.3,1986.5,769.7,5124.6,217.2,1104.1,2256.2,2727.3,5142.6,434.6,1297.0,1078.7,795.3,429.7,58795.6,1524.5,152.4,813.4,2321.6,625.9,151.1,68.1,260.7,347.2,4308.6,1117.4,374.4,53.8,140.4
2026-07-15,38.5,4863.0,1179.1,6106.0,3546.8,1148.6,1940.0,725.5,4877.8,210.6,1068.8,2192.1,2649.1,4915.3,423.8,1202.8,1110.9,792.3,453.6,56572.2,1565.1,152.7,759.3,2291.1,596.5,151.2,68.7,259.4,352.6,4504.9,1078.1,363.8,51.5,131.8
2026-07-16,38.6,4838.6,1228.7,6331.2,3468.0,1140.5,1931.1,710.8,4663.6,202.2,1140.2,2202.8,2608.1,4882.5,420.3,1229.4,1163.2,785.4,476.9,56382.0,1584.8,155.8,756.0,2387.9,584.1,149.1,66.3,256.5,368.4,4680.3,1089.3,353.8,51.2,127.4
2026-07-17,40.6,5474.0,1317.0,6375.4,3437.5,1206.9,1966.4,734.5,4653.7,204.7,1268.5,2283.1,2721.6,5095.4,451.3,1306.5,1256.1,816.3,526.8,55793.3,1568.0,153.0,836.1,2504.1,650.0,158.0,73.6,283.6,404.9,5171.2,1096.0,387.7,51.2,132.5
2026-07-21,40.9,5388.3,1430.3,6528.3,3370.0,1231.0,2071.5,778.7,4521.9,226.9,1348.7,2395.6,2748.6,5109.2,481.4,1392.5,1347.1,884.6,550.1,54582.9,1335.9,151.6,837.9,2624.0,662.0,169.5,80.1,304.1,436.0,5378.3,1198.9,420.8,54.4,135.6
2026-07-22,38.8,5312.8,1447.1,6315.3,3298.6,1228.5,2072.5,775.5,4539.9,204.8,1364.2,2463.9,2768.3,5286.6,496.9,1435.2,1392.4,889.1,554.6,54054.3,1139.8,147.1,822.2,2649.8,643.5,175.9,87.2,307.6,445.4,5408.8,1245.2,412.0,58.6,146.6
